passage,question,number,unit,yesno,,spans,query_id,review,review_date,comment
（中央社記者吳柏緯台北11日電）民間發展太空火箭的晉陞太空科技公司，在台東縣達仁鄉南田村興建發射基地，原訂去年年底發射實驗火箭，但因未充分和當地居民溝通，引發爭議，晉陞公司也決定暫緩發射。經過與當地居民，以及政府相關部會協調、研商後，確認13日清晨將試射自製火箭「飛鼠一號」," 請問文章中提到晉陞公司和誰協調研商後，確認13日清晨將試射自製火箭「飛鼠一號」?
",,,,,"當地居民,政府相關部會",1000-1,V,2020/2/27,"原本的答案""當地居民，政府相關部會""格式錯誤，我修改成了對的格式：""當地居民,政府相關部會""，之後注意一下"
"（中央社記者劉世怡台北12日電）前法務部長邱太三遭指為壢新醫院院長張煥禎逃漏稅案，關說前桃園地檢署檢察長彭坤業，監察院昨天未通過彈劾。邱太三今天聲明，他是轉知陳情、絕無關說，監察院已還他清白。
此案去年經媒體披露後，監察委員林雅鋒、王美玉、高涌誠申請自動調查；去年召開第一次彈劾會，昨天召開第二次，皆未通過彈劾邱太三。
邱太三今天發布聲明表示，經過兩次調查報告審查會，肯定多數監察委員對事實的爬梳，非由少數監委自由心證指摘認定。
聲明指出，整件事從頭到尾只有陳述性質，完全沒有介入個案請求，更沒有違背法令。從頭到尾，他都沒有對彭坤業提出任何影響辦案方向的請求，甚至也沒有詢問追蹤後續處理情形，這些事實都可從相關人的證詞中得知。
聲明表示，陳述此事在意的是司法形象與威信是否能獲得人民信賴，以及司法機關在司法訴訟制定是否造成人民疑慮無所適從，機制上是否有精進之處。
聲明提及，三名監委所提調查報告的彈劾案，歷經兩次監院審查會，分別以懸殊票數，通過不彈劾，證明多數監委都認同他從頭到尾都是轉知陳情民怨、絕無關說。
聲明指出，監察院已還他清白，至於少數監委的個人心證推論報告，投票結果已經證明沒有說服力，也不值一駁","文章中提到前法務部長邱太三遭指為壢新醫院院長張煥禎逃漏稅案由那幾位監委申請自動調查?
",,,,,"林雅鋒,王美玉,高涌誠",1001-1,X,2020/2/27,答案的幾個詞在文本中有點太靠近，這種的題目盡量少
,"文章中提到哪些現任及前任公務員?
",,,,,"邱太三,彭坤業,林雅鋒,王美玉,高涌誠",1002-2,V,2020/2/27,
,文章中提到哪些政府機關?,,,,,"法務部,桃園地檢署,監察院",1002-3,V,2020/2/27,
"（中央社記者林育立柏林11日專電）駐德代表謝志偉日前將台灣數位修復的柏林老照片和法藍瓷專書送給柏林國立圖書館典藏，由普魯士文化遺產基金會主席帕辛格（Hermann Parzinger）代表接受。
致贈儀式10日下午在柏林國立圖書館（Staatsbibliothek zu Berlin）舉行，館長施奈德-坎普夫 （Barbara Schneider-Kempf）也到場觀禮。這座17世紀成立的圖書館隸屬普魯士文化遺產基金會，館藏圖書超過1100萬冊，從規模來看是德語國家最大的圖書館。
謝志偉致詞時表示，這張涵蓋皇宮、大教堂和博物館島的全景圖，原本是張充滿黃斑的老照片，新世語文化公司創辦人徐宗懋向德國舊書商買下後，用數位技術複製、掃描處理和復原上色，成功重現一百年前的城市榮光，展現台灣數位影像處理的頂級技術。",文章中提到的老照片涵蓋哪些地方?,,,,,"皇宮,大教堂,博物館島",1003-1,X,2020/2/27,答案的幾個詞在文本中有點太靠近，這種的題目盡量少
"（中央社記者戴雅真倫敦9日專電）國民黨立法委員許毓仁近期訪英，5日舉辦座談會和旅英科技業人士商討他正在推動的人工智慧發展基本法，盼奠定「人工智慧的憲法」，對人工智慧進行倫理規範。

「AI法理情」座談會邀請台灣人工智慧安全控制新創Umbo CV技術長張秉霖 、Hyper Reality Ltd創辦人陳裕仁，以及工業設計師林珈弘等人與談，與許毓仁意見交流。

許毓仁與跨黨派立委合作提案的「人工智慧發展基本法」在上會期通過一讀，分為醫療、智慧製造和無人車，台灣人工智慧應用三大最有潛力的領域，盼這會期完成三讀。

許毓仁在座談會上指出，美國和中國的貿易戰將會持續5至10年，繼課稅之後，美中貿易戰的下一階段就是科技、智慧財產權等。在美中對戰當中，台灣應該做的是把核心關鍵技術留在台灣，並和美國形成戰略聯盟，因此推動通過人工智慧發展基本法有其必要。

此外，他表示，台灣的公部門每個月面對駭客攻擊3000萬次，桃園機場附近的智慧路燈也曾被駭客攻擊，台灣基本上是處於資訊戰爭的狀態，為了國安、工業資安、科技發展與技術開發，應對人工智慧給予最高國家戰略思考。

許毓仁表示，他推動的人工智慧發展基本法有5大準則。第一，確定人工智慧發展的定位，訂立發展綱領在產業界和學術界優先推動研究、發展。第二，促進產業AI化、建立AI技術應用平台，以及形成AI產業生態系。第三，AI發展牽涉大規模公眾數據的使用以及實驗場域落地試驗，與公共利益牽連甚深，須制定適當的開發標準原則。

第四，政府在符合開發標準原則下，應盡量滿足產業、學術界在AI研發與應用的需求。第五，建立與凝聚公眾對AI的認識與信任，樹立人工智慧發展的基本倫理原則。

許毓仁指出，歐盟在今年4月發布7條人工智慧的道德準則，包括AI不應侵犯人類自主性與自由、搜集的數據得受到安全且隱密的管理，以及需建立咎責機制等，英國也有人工智慧的開發準則，台灣應該儘速通過相當於AI憲法的人工智慧發展基本法，解開人工智慧發展的最後一道枷鎖。",文章中提到哪些人?,,,,,"許毓仁,張秉霖,陳裕仁,林珈弘",1004-1,,,
,文中提到「人工智慧發展基本法」在上會期通過一讀包含那三個領域?,,,,,"醫療,智慧製造,無人車",1004-2,,,
"（中央社記者潘姿羽台北23日電）科技部今天發布「人工智慧科研發展指引」，從3個核心價值而延伸出8大準則，這也是全球第一個針對科研團隊所做的AI指引；科技部長陳良基表示，希望藉此讓人工智慧成為善的工具，發揮更多善的力量。

科技部今天與人工智慧技術暨全幅健康照護聯合研究中心、人工智慧製造系統研究中心、人工智慧普適研究中心、人工智慧生技醫療創新研究中心共同發布「人工智慧科研發展指引」。

陳良基表示，今年初開始，科技部邀集各領域學者專家召開數場會議討論後，決定以「以人為本」、「永續發展」及「多元包容」為核心價值，從而衍伸出8大準則：共榮共利、公平性與非歧視性、自主權與控制權、安全性、個人隱私與數據治理、透明性與可追溯性、可解釋性、問責與溝通。

陳良基比喻，人類歷史上有石器時代、鐵器時代，如今隨著科技進步，已經邁入人工智慧（AI）時代；AI作為人類使用的工具之一，如同刀子、火種，利用上有善有惡，這次端出AI科研發展指引，就是為了讓善的力量被加大，惡的部分可以被控制。

8大準則方面，陳良基以「自主權及控制權」為例，他解釋，AI跟軟體有很大不同，程式設計師寫好程式後，軟體就定下來，不會突變，但AI工程師把軟體寫好後，會一直演化，最後AI演化什麼模樣，不是工程師能了解。

也因此，陳良基強調，在科研發展時，必須注意到「自主權及控制權」的準則，要保證AI演化不會變成人類無法操控；當研發初期有注意到，後續就比較不會造成問題。

另個準則「公平性與非歧視性」，陳良基解釋，AI程式寫好之後，演化就是來自於科研人員給他的資料，如果科研人員給的資料含有歧視內容，AI就會歧視，如果給AI的資料是往某個方向偏差，AI就會跟著偏差，因此，科研人員必須意識到，在AI系統、軟體、演算法等技術及進行決策時，應落實以人為本，避免產生偏差與歧視等風險。

陳良基補充，AI現在還在演化過程中，現在法令並不清楚科技會把界線推到哪去，這也是為何全球各國多選擇先訂定指引，而非法律的原因；值得一提的是，先進國家及組織紛紛研擬相關基本準則，但都較廣泛，台灣則領先全球，率先聚焦科研團隊，提出AI科研發展指引。",文中提到科技部發布「人工智慧科研發展指引」的8大準則是什麼?,,,,,"共榮共利,公平性與非歧視性,自主權與控制權,安全性,個人隱私與數據治理,透明性與可追溯性,可解釋性,問責與溝通",1005-1,,,
,文中提到科技部發布「人工智慧科研發展指引」的三個核心價值是什麼?,,,,,"以人為本,永續發展,多元包容",1005-2,,,
"臉書（Facebook）執行長祖克柏今天在慕尼黑安全會議中表示，線上內容理應受到管理，且管理方法應介於新聞業與電信業現行規範之間。

全球領袖與安全首長齊聚德國慕尼黑舉行的安全會議，祖克柏（Mark Zuckerberg）在會中問答時間表示：「我認為管理有害內容是應該的…問題在於要用什麼架構來管理。」

他說：「現行架構有兩套，一套用來管理報紙與媒體產業，一套模式用於電信業。電信業模式是讓資訊流通，但你不會因為某人在電話線上說了某些傷害性言論，就找電信公司算帳。我其實認為應該有一套介於兩者之間的管理辦法。」

臉書、推特（Twitter）、Google等社群媒體巨擘面對愈來愈大壓力，輿論要求這些平台拿出更好辦法，應對一些政府與政治團體藉平台來散布誤導的訊息或不實消息。

祖克柏說，目前他僱用了3萬5000人來檢視網上內容，並執行安全措施。

他表示，透過這些人力和臉書自動系統，公司每天停掉超過100萬個假帳號，其中絕大多數是在申請帳號的幾分鐘內就被偵測到。",文中提到那幾家社群媒體?,,,,,"臉書,推特（Twitter）,Google",1006-1,,,
"晚餐時媽媽做了她的拿手好菜—糖醋里肌,材料除了裹粉油炸成金黃色的瘦肉,還有鮮綠的青椒、澄黃的鳳梨片和勾芡的紅色番茄醬甜汁","文中提到糖醋里肌,材料有哪些是蔬菜",,,,,"青椒,鳳梨,番茄",1007-1,,,
"晚餐時媽媽做了她的拿手好菜—糖醋里肌,材料除了裹粉油炸成金黃色的瘦肉,還有鮮綠的青椒、澄黃的鳳梨片和勾芡的紅色番茄醬甜汁。四溢的香味、漂亮的顏色,以及盤子上一朵蝴蝶蘭的修飾,真是賞心悅目,引得我們食指大動。而酸酸甜甜、滑滑嫩嫩的滋味,讓每個人忍不住都多吃了一碗飯,連想要減肥的姊姊也不例外。爸爸說:「媽媽今天做的糖醋里肌,可說是我們家餐桌上的大美人。」媽媽笑著問:「那我是什麼?」「當然是我們家永遠的第一美人!」",文中提到哪些家庭成員?,,,,,"爸爸,媽媽,姊姊",1008-1,,,
"老師穿了一件新衣裳，底色是晶瑩的藍，不規則的白色色塊很藝術的點綴著。上課時老師顯得分外有精神,不但笑容甜美,而且聲音清亮,都聽得很入迷。下課時,毛毛問我:「你有沒有覺得老師今天特別好看?」我說:「對呀!」「為什麼呢?」毛毛又問。我還來不及回答,玲瓏已經接話:「因為老師把雲朵穿在身上啊!」",文中提到幾種顏色?,,,,,"藍,白,",,,,
"放學回家,發現客廳茶几上有一金新插的花。淡淡的香氣,是香水百合散發出來的。是媽媽的傑作嗎?媽媽說:「你姊姊在學插花,成果很不錯吧?」姊姊開心的說:「上個月,我們辦公室有人送來一盆花,大家的工作情緒就突然變得高昂起來。我因此想到,如果讓我們天天和花相遇,讓家裡增添一點新鮮的色彩和芬芳的香氣,家裡的情調就會更美好。」「天天和花相遇?」爸爸稱讚姊姊:「你也可以寫詩了。」",文中提到幾種地點?,,,,,"家,客廳,辦公室",1009-1,,,
,文中提到幾種情緒的形容詞?,,,,,"開心,高昂",1009-2,,,
"你有沒有想過:當你正興高采烈的和同學玩耍時,在地球遙遠的另一端,那兒的小朋友還沉睡在夢鄉中呢!當你炎炎夏日在海濱游泳時,地球其他地方的小朋友,卻忙著打雪 仗、堆雪人。儘管我們居住的國家不同,膚色、語言、穿著、打扮、生活習慣也各異其趣,但是所有的人都有一個共同點—「我們都生活在這個地球上。 
在從前交通電信不發達的時代,講到出國仿佛是到另一個星球,真是困難重重。但是隨著科技的高度發展,交通工具的日新月異,東西半球間的距離似乎愈來愈近,人與人之間的接觸也愈來愈頻繁。每天翻開報紙,打開電視,國際上發生的種種新聞,常常使我們有置身萬花筒中的感覺。昨天才在巴黎流行的時裝,也許今天就會在臺北街頭出現。感覺上我們居住的這個地球,好像變得愈來愈小,再加上出國觀光旅遊的人數與日俱增,和各國人民接觸的機會,也愈來愈多,原本遙遠、陌生的國家,變得像隔壁鄰居一樣的熟悉, 真可稱得上是「天涯若比鄰」。 
許許多多國家有趣的生活習慣與禮儀,不僅擴充了我們的國際視野,也增廣了我們的見聞。在飲食習慣方面,像講究時間和效率的美國人,典型的飲食就是速食,其中最受歡 的食品,便是大家熟知的熱狗、漢堡和甜甜圈等;法國人最愛吃乳酪，平均每人每年要消費二十公斤的乳酪;韓國人則是三餐都離不開酸辣的泡菜,每到深秋時節,家家戶戶生活中的大事，便是醃製泡菜。而講究禮節的日本人,是最注重鞠躬的民族,一位電梯服務員說,他平均一天要鞠躬兩千五百六十次。泰國人則認為頭顱是最高貴的,外人不能隨便觸摸,所以理髮師為顧客理髮前,還得先說一聲「對不起」。這些各具特色的風俗習慣,使得這個世界更為繽紛多彩。 ",文中提到哪些國家?,,,,,"美國,法國,韓國,日本,泰國",1010-1,,,
,文中提到哪些食物?,,,,,"熱狗,漢堡,甜甜圈,乳酪,泡菜",1010-2,,,
,文中提到哪些季節?,,,,,"夏,秋",1010-3,,,
"小故事的啟示
讓路給小鴨子!這是真的嗎?美國鄉村公路上車輛不多,公路兩邊林木茂盛,常會看見小松鼠在林間自在的跑東跑西,爬上爬下;也常看到野鴨三五成群,搖搖擺擺,慢慢踱著方步,悠然自得的穿過公路。而駕駛的人,會自動把車子停下來,讓牠們先走。在美國,讓路給小鴨子是常見的事,愛護小動物,更被他們視為天經地義。
冬天到了,大雪紛飛,寒風怒號,小鳥、野兔幾乎沒有食物可吃。在美國,許多人家就在後院,豎起一個鳥屋,撒一些粟米,給飢寒交迫的鳥兒吃,幫牠們度過艱難的寒冬。有時他們也會丟一些紅蘿蔔在後院裡,兩三天後,紅蘿蔔不見,只見一朵朵梅花般的腳掌印出現在雪地上,顯然野兔已享用過紅蘿蔔大餐了。
在德國的鄉村公路上,有時會看到一些特別的路標,上面畫著鹿或野兔,同時還有些數目字標示,原來這是在告訴開車的人,前面幾公里處有鹿或野兔出沒,要大家小心駕駛,免得傷害到牠們。因此開車的人,會謹慎的、慢慢的駕駛,偶然會從路旁的樹林中,發現奔跑的野鹿,那份驚奇欣喜的心情,又豈是筆墨所能形容!
可曾看過「威鯨闖天關」的電影嗎?片中的主角威利是一條鯨魚,兩歲的時候,在冰島海域被捕獲,經過嚴格的訓練,牠成了墨西哥市海洋公園唯一的表演明星。後來被選為這部影片的主角,牠那又可愛、又逗趣、又有靈性的表演,深深感動了全球觀眾的心。多年來,由於炎熱的天氣和人造海水的化學物質,使牠的健康受到嚴重的破壞。經過多少人的努力,威利終於野放了。回到牠的故鄉冰島海域。在專業人員和保育人士的照顧下,威利的體重增加了近千磅。
在苗栗通霄的海灘,有人發現一隻擱淺的海豚,大家叫牠「阿通伯」。牠又瘦、又弱、又有病,而且遍體鱗傷。發現牠的人費盡九牛二虎之力,把牠送到附近的海洋生態育園區,在工作人員細心的照顧下,經過一段時間的休養，牠的身體終於復原。阿通伯可以野放了,牠要回家了。電視新聞裡播出阿通伯野放的畫面,蔚藍的大海迎接著牠,牠的志工們,依依不捨的含淚跟牠揮手道別,只見牠在起伏的海浪中,時隱時現,漸行漸遠。大家心中默默的為牠祝禱,希望這擱淺在通霄海灘的海豚,能找到牠的同伴,從邀遊大海,重享自由自在的日子。「從這些小故事中,可以讓我們得到一些啟示,那就是在這地球上所有的生物,都跟人類一樣享有平等的生存權利,必須受到應有的尊重。
",文中提到哪些動物?,,,,,"松鼠,野鴨,小鳥,野兔,鹿,鯨魚海豚",1011-1,,,
,文中提到的動物哪些住海裡?,,,,,鯨魚海豚,1011-2,,,
"夜晚,盜獵者乘坐長長的獨木舟,悄悄的划進沼澤區。船頭的人用手電筒不斷的掃射,發現水面上露出一對紅色的眼睛。他趕緊叫同伴用長篇把船穩住,然後慢慢站起身來,舉槍瞄準那兩眼之間的部位。「砰」的一聲槍響!破寂靜的夜空,水面一陣翻動，他們迅速的把船划了過去，翻轉獵物的身體,熟練的用刀劃開肚皮,把整張鱷魚皮剝了下來。

每年有無數的鱷魚被這些盜獵者殺害,鱷魚皮被運送到皮革製造廠,經過加工處理,最後以時髦的皮包、皮鞋造型,重新出現在各大百貨公司的櫥窗裡。不僅鱷魚如此,其他動物也遭受到同樣的命運,為了滿足人類的需求及喜好,魚翅、熊掌、犀牛角等都成了食補或藥用的材料,貂皮大衣、虎皮地毯、象牙雕刻等,也成了人類裝飾的用品,使得越來越多的野生動物受到了危害。

除了人為的迫害以外,更嚴重的是,近一兩百年來,工業快速發展帶來的嚴重汙染,和人類毫無計畫的砍伐森林改變地貌,都大大破壞了各種動物的生存環境。像臺灣的黑熊就是這樣,過去多年一直被人類不斷的捕殺,連牠們住的山林也一再的被開發,生存的空間越來越小,食物的來源也越來越缺乏。事實上,不僅臺灣地區很多動物面臨絕機,根據調查顯示,全世界瀕臨絕種的動物,多達數千之多。其中我們比較熟悉的,像中國的熊貓、非洲的金錢豹、印度的孟加拉虎等,甚至海洋中體型龐大的藍鯨和灰鯨,由於人類的濫捕濫殺,也遭到絕種的威脅。
野生動物越來越少,對我們人類有什麼影響呢?這些動物不能存活,代表地球的生存環境愈來愈壞,人類的厄運正在開始。也就是說,到了最後,人類也難逃絕種的命運。何況這些動物都是地球的自然資源,必須維持一定的數量。才能代代相傳,生生不息,大自然的生態才能平衡。如果一味的趕盡殺絕,終有一天人類會自食惡果。
慶幸的是,世界各地愛護野生動物的人士,紛紛成立各種組織,展開拯救生態環境和野生動物的工作。成立自然保護區,訂定「野生動物保育法」,讓野生動物和牠們的家能得到照顧,能夠不受打擾的繁殖下一代。我們要知道,任何一種生物從地球上消失,將永遠不會再出現,我們再再也看不到這些可愛的動物了。如果生態遭受到破壞,人類也無法獨生存在地球上。試想地球是我們的家,我們怎能不好好的珍惜它呢?",文中提到哪些動物?,,,,,"人,鱷魚,黑熊,熊貓,金錢豹,孟加拉虎,藍鯨,灰鯨,",1012-1,,,
,文中提到鱷魚皮可以做成什麼?,,,,,,1012-2,,,
"湯姆歷險記是美國名作家馬克·吐溫的作品。完成於西元一八七六年,是以美國南部密西西比河邊的一個小鎮為背景,寫小頑童湯姆和哈克的故事。

這本書讓我印象最深刻的,莫過於湯姆刷圍牆的那一章。湯姆的母親早逝,他和弟弟跟著溫和善良的波莉姨媽過日子。湯姆是個聰明、勇敢而又頑皮的孩子,他常逃學,跑到河邊游泳、釣魚；躺在在樹下,看藍天白雲做白日夢,日子過得快樂極了。有一次,波莉姨媽真被他氣壞了,下定決心要好好的管管他,罰他在週末做苦工刷圍牆。

「星期六的早晨,陽光燦爛,每一個孩子的臉都笑容洋溢,準備度過快樂的夏日週末。只有湯姆,得提著石灰桶,拿著長柄刷子做苦工。湯姆心中很不甘願,正好他的朋友班,吃著蘋果,一步三跳的走過來。湯姆假裝沒看見他,只是面帶笑容,專心一意的刷牆,這個舉動果然吸引了班的好奇心。他覺得湯姆似乎是在做一件趣的事,於是忍不住請求讓他刷刷看,最後甚至用蘋果來交換這新奇的刷牆工作。結果,要求刷牆孩子一個接一個,湯姆得到的「戰利品」有:風爭、十二顆石彈子、一個洋鐵作的小兵......。湯姆成了一個「大富翁」,更妙的是他不用工作,那道圍牆卻刷得又白又漂亮。

書裡還有一個重要的人物,他就是湯姆的死黨哈克。有一次,哈克提著一隻死貓來找湯姆,說是只要把死貓丟到一個新墳墓上,嘴裡念念咒語,頭上長的熱獅子就會自動掉到地上去。於是，當夜深了,湯姆從窗口溜出來,悄悄的跟哈克到墓地去舉行這種神秘的儀式。誰知道卻在墓地看到到兇殺案,他們真嚇壞了,兩人發誓誰也不能洩漏出去。但是,當湯姆在法庭上看到沒動手殺人的人,被冤枉成殺人犯時,他忍不住上前官舉發真正的兇手,救了那被冤枉的人,湯姆因此成為鎮上的英雄。這正表現出湯姆的勇氣,和好打抱不平的精神。

湯姆歷險記裡最能表現湯姆勇敢、機智、臨危不亂的,是寫他和蓓姬在山洞裡迷路的那一章。那山洞有彎彎曲曲數不清的岔路,就像迷路一樣,如果你不熟悉,在裡面迷了路,哪怕幾天也找不到出口,而湯姆和蓓姬就在這山洞裡迷路了。他們兩人只有一個小蛋糕,還有幾支蠟燭,當湯姆察覺到情況險惡時,他不露聲色的安慰蓓姬,並且節省使用蠟燭,他們在洞裡繞了三天三夜,卻找不到出路。但是湯姆絕不失望,絕不灰心,他想,與其坐著等待救援,不如自己繼續嘗試找出路。最後他終於發現一個出口,當兩人回到鎮上,全鎮的人都歡欣鼓舞，波莉姨媽和蓓姬的母親更是欣喜若狂。因此,湯姆又成了大家心目中的英雄。

讀了湯姆歷險記後，我不但喜歡頑皮又勇敢的湯姆,也喜歡哈克。因為哈克的爸爸是個酒鬼,從來不照顧他,但是他從不為吃不飽、穿不暖而苦惱,他永遠自得其樂。湯姆和哈克都很勇敢,也都充滿冒險的精神。隨著書裡情節的發展,湯姆和哈克成了我內心深處的好朋友。希望有一天,我能到美國南部去遊歷,看看那美麗古老的密西西比河,純樸的小鎮和那美麗的棉花田。更希望我能像湯姆和哈克一樣,無論面對什麼麼艱難、困苦和危險,仍能充滿信心和希望,快樂的生活。
",文章中提到哪些人名?,,,,,"湯姆,馬克·吐溫,哈克,波莉,班,蓓姬",1013-1,,,
,文中提到刷牆工作湯姆得到哪些物品?,,,,,"蘋果,風爭,十二顆石彈子,一個洋鐵作的小兵",1013-2,,,
"東漢時代的楊震,是一位品德高尚、學問淵博的人,全國各地慕名而來,向他求教的弟子多達千人。由於他是關西人,所以大家都尊稱他為「關西孔子」。  有一次,他要到山東的東萊去就任太守,途中經過昌邑縣。昌邑縣的縣令王密,曾經受過楊震的提拔,心存感激, 想要報答他。聽說楊震到了昌邑縣,就在半夜裡捧著十斤黃金來求見楊震。  王密跪在地上,非常誠懇的說: 「下官昌邑縣令王密,承蒙您的提拔,衷心感激,特地獻上黃金十斤,聊表謝意,希望大人笑納。」  楊震感到十分驚訝,認為王密實在太不了解他了,連忙說道:  「王兄,你我也認識多年了,難道你還不知道我的為人嗎?你能當官,是因為你的才幹,並不是因為我的提拔;何況官位是國家的,你犯不著用黃金來答謝我。你這麼做,就是賄賂的行為,已經觸犯國法了。」  王密一時沒會過意來,以為楊震害怕犯法,不敢接受魄贈,趕忙低聲的說:「現在已經夜闌人靜了,絕對沒有人知道這件事,大人,這只是一份薄禮,您就放心收下吧!」  楊震聽了,非常生氣,沒有想到王密竟說出這樣的話來,於是板起臉孔,嚴正的說:「這是什麼話?這件事天知道,神知道,我知道,你知道,怎能說沒有人知道?」  這一番話說得王密面紅耳赤,十分惭愧,只好低著頭立刻告退。  後人知道了這件事情,敬佩楊震的廉潔可風,特地蓋了一座「四知堂」來表彰他的美德。  楊震一生,為官清廉,奉公守法,絕不私接賓客,也不取非分之財,僅靠一份微薄的薪俸養家,所以家計十分艱困。他雖然位居高官,可是子孫出門都得步行,沒有車馬代步,三餐吃的是粗茶淡飯,沒有魚肉佐餐。他的長輩和朋友們實在看不過去,都勸他說:  「你不為自己著想,也該為子孫積點錢財,購置田產, 好讓他們的生活寬裕一些呀!」  楊震聽了,只是笑笑的說: 「別人留田產給子孫,我可是留清譽給他們,讓後人知道他們是清廉官吏的後代,這樣的遺產還不夠豐厚嗎?」  在他「清白廉潔」家風的薰陶下,楊震的子孫也都賢能出眾,成為國家的棟梁,受人敬重。",文章中提到哪些人名? ,,,,,"楊震,孔子,王密",1014-1,,,
"西元一六O九年初夏,伽利略在威尼斯聽說有人發明了望遠鏡。他便以自己的科學知識為基礎, 弄懂了製作望遠鏡的原理後,馬上動手造了一架。他的望遠鏡可以把東西放大一千倍,拉近三十倍，超越了人類視力的限制。他興奮的把望遠鏡轉向無垠的天空,觀察月亮、銀河以及燦爛的太陽，看到了許多以前的人所不知道的現象:月亮表面凹凸不平,像地球一樣散布著深谷與斷層;銀河並非發光的雲氣,而是由無數星球所組成的;太陽的黑點，無論形狀及大小都變化萬千。 
藉著這些觀察所得與精確的數學計算,伽利略深信之前波蘭學者哥白尼提出的「地動說」—太陽靜止不動,地球與行星圍繞太陽運轉,確是事實，而非一般人認為的數學假設。但在當時,絕大多數的人仍然以為,地球才是宇宙的中心,太陽、月亮和其他的星球都繞著地球轉動。握有強大權勢的天主教會,也以聖經的記載-如「神將地立在根基上,使地永不動搖」等,作為自然界的真理，堅信地球為神所創造,而且是宇宙的中心。 
伽利略才華洋溢,他以生動的方式向大眾介紹望遠鏡,寫了一本名為星星的使者的小書,說明他的發現,而引起大家熱烈的討論,並給他崇高的讚譽。伽利略衷心希望除了天文學家或數學家外,一般的民眾也可以享受這些新知所帶來的喜悅。可是,他的熱情與好意卻為自己帶來天大的災禍。「天主教會漸漸感受到一種強大的壓力,害怕伽利略的言論會動搖教徒的信心。尤其伽利略用親身觀察的方式去理解「上帝創造的自然」,更讓教會惶恐不安。伽利略所持的理由是:造物主既賦予人類感官、理性與聰明才智,就不可能要我們放棄由此得到的知識。他說,如果古代的哲學家，看到我們今日所看到的現象,也一定會做出和我們相同的判斷。同時,他本著對教會的敬愛及對天文學發展趨勢的了解,希望教會能辨別宗教與科學的分際,謹慎的詮釋聖經中與自然真理相違背的章節。 
然而,教會畢竟無法接受他的辯白,教皇還是下令傳訊他到羅馬,接受宗教法庭的審判。他以違逆神的旨意及聖經的教導,被判終身軟禁,在疾病與寂寞中孤獨的死去。不過,他的論證在幾百年後的今天看來,仍舊是屹立不變、顛撲不破的真理。",文中提到哪些城市或國家?,,,,,"威尼斯,羅馬,波蘭",1015-1,,,
,文章中提到哪些人名? ,,,,,"哥白尼,伽利略",1015-2,,,
"賴東進出生在乞丐家庭,家裡共有十二個小孩。父親 眼全盲,母親與大弟都是重度智障,全家十四口四處流浪, 靠乞討維生。賴東進身為長子,從小除了必須陪著父親四處行乞,以求得全家溫飽外,更必須肩負起照顧母親及弟妹的責任。他說:「在十歲以前,我們居無定所,我幾乎是在寒風、露水、日晒、大雨中度過童年。樹是我的屋頂,大地是我的床,墳場是我的家。」 
由於每天赤腳行乞,賴東進腳底結了一層厚厚的繭, 堅韌到連踩在玻璃上都刺不破。他嘗盡人間的冷暖,受盡別人的嘲罵,只為求得一家人填飽肚子,活著看見明天的太陽 他說:「我們沒有選擇的權利,別人施捨給我們什麼,我們就吃什麼。有時飯粒掉到地上,撿起來也顧不得髒,還是一樣吞進肚子裡。」 

賴東進直到十歲,才開始讀小學。為了家人的生活,他每天一放學,就得牽著爸爸去行乞,車站前,夜市裡,爸爸 彈著月琴,邊奏邊唱,賴東進在旁邊藉著微弱的路燈餘光, 跪在地上寫功課。每當有人丟下零錢,他得馬上放下筆向人磕頭道謝。雖然地面凹凸不平,燈光又很微弱,但他的字在 班上仍是寫得最好的,翻開作業,每一篇都是甲上。賴東進 說:「不管大街上再吵、再鬧,越是困難,我越覺得讀書時 間的可貴,越是要珍惜。」 
就是這股認真不服輸的精神,小學六年他一共拿了八十幾張獎狀,而且年年當選班長。國中畢業以後,賴東進選擇進入職校,開始半工半讀的生活。在工廠裡他認真學習,從最基層的打雜工,到技術層面的工作,他一點一滴的學, 獲老闆的重視與信任。他說:「我的流浪生活讓我深切 
白,世界上沒有僥倖,只有靠自己的努力,才能獲得生命的一切。」 

賴東進憑著過人的意志,終於闖出一片天空。他從匍匐地上乞討求生的小乞丐,變成擁有員工五十餘人的工長,不僅事業有成,而且家庭美滿,民國八十八年更獲得十大傑出青年的殊榮。在得獎的那一天,他手握著金手獎獎座,眼望著來賓席上智障的母親和大弟,用堅毅的口吻,發表得獎感言,他特別提到:「感謝老天給了我這麼充滿磨練的生活環境、坎坷的際遇,以及我重殘的雙親!我告訴自己,我要做給上天看,不論再怎麼苦,再怎麼不幸,我都能夠走出自己的一條路,為自己開創一片天!」全場的來賓無不被他坎坷的境遇和奮鬥的精神所感動,紛紛起立鼓掌,給予最高的敬意。"," 請問文章中賴東進獲民國八十八年更獲得十大傑出青年,得獎的那一天哪些家人參與?",,,,,"母親,大弟",1016-1,,,
"戰國末期,有一位慷慨赴義、壯烈成仁的荊軻,在易水河邊唱了一首短歌,跟送行的人訣別。那時候,正是大陸北方的深秋。易水河上的西風,吹起一片寒波。灰暗的天色,枯黃的野草,好像隱藏著無限悲憶的情感。 

一清早,易水河邊已經來了幾個人,都是要為那視死如歸的英雄荆轲送行的。大家都知道荊軻這一去泰國,再也不能生還了。主人是燕國的太子丹,在河邊擺開著簡單的早宴。他所帶來的衛士,每個人都改穿了白衣。另外還有荊軻的好友高漸離,也是一位英雄,一臉剛強堅定的神色,手中提著簡單的樂器——筑。大家都心情沉重的不說話,有的默默坐著,有的翘首盼望,靜候荊軻到來。
「來了!來了!」在一片呼聲中,兩個人騎著馬一齊來到:前面是英勇雄壯的荊軻,後面是他的助手秦舞陽,他們都穿著燕國專使的衣服。這兩人為了幫助燕國,反抗暴秦,情願犧牲自己的生命,到秦國去行刺秦王。
太子丹走近荊軻,想要說幾句送別的話,卻哽咽著一句也說不出來。他勉強忍著盈眶的熱淚,向荊軻和秦舞陽敬酒。
荊軻有堅定的決心,生死早已不放在心上,仍然英氣勃勃,飲酒吃肉,談笑自如。每個人都來向荊軻敬酒,只有高漸離 忽然取出筑來,擊出音調高亢的樂曲,在雄壯堅決中,隱隱含著生離死別的哀傷。  
荊軻、秦舞陽雄赳赴的站起身,向太子丹躬身辭別。荊軻轉身向高漸離打個手勢, 高漸離擊筑的音調忽然急轉成悲壯。荊軻和著筑聲,大步向前走,引吭高歌:風蕭蕭今易水寒,壯士一去兮不復還! 
歌聲未歇,荊軻、秦舞陽躍上馬背, 向西馳去,一路黃塵滾滾,漸漸的遠得看不見了。
只有那悲壯的歌聲,好像還繚繞在蕭蕭的西風裡,迴盪在冷冷的易水上。",文章中提到哪些人名? ,,,,,"太子丹,荊軻,秦舞陽",1017-1,,,
,文中提到哪些國家?,,,,,"燕,秦",1017-2,,,
"一個人假使說錯了話,做錯了事,能夠自己反省,以後不再重蹈覆轍,這就叫「知恥」。知恥的人,知道什麼話不應該說,什麼事不應該做,而且在反省以後,能夠切切實實的覺悟,改正自己的缺點,朝著理想的目標邁進,不怕任何的危險困難。這種人不但能知恥,而且有不避危難的勇氣,可以算得是勇敢的人。孔子說:「知恥近乎勇」,就是這個意思。

生活在團體中的個人,自然有許多應該遵循的道德規範。假使違背了它,不但有損個人的名譽,有時候也會危害到整個團體,成為害群之馬。想一想,這是多麼可恥的事!但是,人畢竟不是聖賢,有時難免會說錯話,做錯事。假使說錯了話,做錯了事,又不肯反省改進,這種人就是不求上進;假使能夠切切實實的反省,切切實實的覺悟,那麼他就能夠鼓起勇氣,改過向善,重新做人。像周處起先干犯禮義,為非作歹,可以說是地方上的害群之馬。但是,等到他痛改前非以後,就不避危難的去打猛虎,殺大蛟。

想一想,這需要多大的勇氣!周處所以由地方上的害群之馬,變成人人心目中的大英雄,無疑的,就是因為他能夠知恥的緣故。

知道羞恥,不但對個人重要,對國家來說,也一樣重要。 
假使人人都有知恥之心,曉得「國家興亡,匹夫有責」的道理,這樣的國家哪有不興盛的呢?即使國家一時被強敵打敗了,只要人人知恥,不顧生死,肯為國家犧牲,再頑強的敵人，也一定會有潰敗的一天。句踐被吳王打敗以後,臥薪嘗膽,明恥教戰,終於 復興了越國。田單苦守即墨的時候,也用明恥教戰的方法,來激發齊國人同仇敵愉的精神,終於收復了齊國的失土。這些都是最好的例子。
我們既然明白了「知恥」的重要,就應該鼓起最大的勇氣,改正自己的缺點,愛惜團體的榮譽,天天反省,時時檢討, 做一個堂堂正正的好國民。",文中提到哪些國家?,,,,,"吳,越,齊",1018-1,,,
"丘逢甲生於清朝末年，是苗栗的客家人，從小就聰明好學，父親是一位私塾老師，對他管教很嚴。逢甲七歲會做詩，十四歲就考上了秀才，被人稱做「神童」。
據說丘逢甲去考秀才的時候，由彰化一路走到府城臺南，半路上走不動了，爸爸就背著他走。同行的朋友取笑他：「以父作馬」，他不假思索的對了一句：「望子成龍」。大家都稱讚：「果然是位有急智、有文才的神童。」長大以後，他跟朋友們打賭，三天之內完成了一百首描寫臺灣景物的絕句。這些詩表露了逢甲對家鄉的深刻情感，讓朋友們讚不絕口，公認他是臺灣了不起的詩人。
一八九四年，清朝政府因為戰敗，決定把臺灣割讓給日本。消息傳來，臺灣的人民非常氣憤，丘逢甲不但帶頭上書給朝廷表示反對，並且和地方仕紳組織了義軍，誓死保衛家園，結果義軍失敗，逢甲匆忙逃離臺灣。離臺時，他沉痛的寫下了「宰相有權能割地，孤臣無力可回天」的詩句。斥責當政的宰相權力太大，任意割讓國土，感嘆身在臺灣的小臣無能為力，無法挽回被割讓的命運。
離開了臺灣的丘逢甲，像是失根的一葉蘭，既感慨家鄉淪陷，又痛心政府無能，寫了許多血淚交織的詩。割讓臺灣一週年的時候，他寫：「四百萬人同一哭，去年今日割臺灣。」在他心中，臺灣被割讓，是全臺灣人民的傷痛，怎不讓大家同聲一哭呢！
丘逢甲從此長居大陸，再也沒有回過臺灣，但他在詩裡卻是「夜夜夢臺灣」。臨死的時候，他叮寧家人將他葬在面向南方的海邊，好永遠隔海眺望故鄉。這位愛國詩人，就這樣傷心的死在異鄉，他最後的一句話是：「忘不了臺灣！」",文中提到哪些國家?,,,,,"清,日本",1019-1,,,
,文中提到哪些縣市?,,,,,"苗栗,彰化,台南",1019-2,,,
,文中提到哪些縣不含目前為直轄市?,,,,,"苗栗,彰化",1019-3,,,
"布袋戲的表演，除了後場伴奏的樂師以外，前場主要由一位演師擔任，稱作「頭手」。這位演師責任重大，負責大部分戲偶的身段動作，道白唱腔。因為偶頭是木刻的，臉上只有固定的表情，沒有喜怒哀樂的變化，所以演師必須在身段上盡量發揮。小小的戲偶，在演師的雙手操控之下：「齊眉旦」載歌載舞，水袖翩翩；「文生」寫字蓋章，舉止斯文；「武生」翻筋斗，跳花窗，飛簷走壁；「三花笑」搖頭晃腦，抓耳扭腰；「白闊」一邊抽煙斗，一邊咳嗽，還冒出縷縷白煙。種種身段動作，無不唯妙唯肖，令人拍案叫絕。
傳統的布袋戲，經常在廟口廣場演出，用來敬謝神明，祈福還願。每當鑼鼓一響，戲偶舞動，這個栩栩如生的掌中世界，總是吸引了許多男女老幼的目光；這個悲歡奇情的袖珍舞臺，也伴隨著無數的臺灣孩子成長。這是我們民俗文化的瑰寶之一，值得我們珍惜典藏。",文中提到布袋戲戲偶有哪些角色?,,,,,"齊眉旦,文生,武生,三花笑,白闊,",1020-1,,,
,文中提到布袋戲表演需哪些人?,,,,,"樂師,演師",1020-2,,,
"五月初夏的晚上，澎湖望安島的海風把白天的熱氣一吹而散，一隻綠蟻龜媽媽悄悄的從海上爬行到沙灘。似乎受到天然母性的領航，牠很快就找到一個適合產卵的地點。牠先用前肢挖掘一個可以容納龜身的大洞，再用後肢挖掘一個可供產卵的小洞，然後在洞裡產下一百多個乒乓球大小的卵。緊接著忙碌的綠蠕龜媽媽還得花上一個多小時，仔仔細細的用沙把卵掩埋好，才蹣跚的爬回大海中，只在沙灘上留下一道長長的爬行痕跡。
綠蠕龜除了上岸產卵以外，終其一生都在大海中生活。牠們雖然是海裡的游泳高手，但是上了陸地，行動卻變得又笨又慢，加上生性害羞，沒有自我防禦的能力，因此母龜很容易受到天敵的攻擊，所以牠們都是選擇夜間到少有人煙的沙灘上產卵。任何輕微的干擾，都會使母龜受到驚嚇，游回大海。在臺灣東部、南部沿岸的沙灘，過去每到夏季都可以看見海龜夜裡上岸產卵的畫面，但是隨著環境的惡化和人為的破壞，現在除了澎湖的望安島，其他地方較難定期看到牠們的行蹤。
大約經過五十多天的自然孵化後，一隻隻脆弱的小生命破殼而出。牠們會在夜晚成群的爬出洞穴，循著海浪的聲音，利用海面光線的導引，快速的爬向大海的家。這段對人類而言不過幾步之遙的路程，卻是小龜們生死的關鍵。任何一個有感情的人，看到小龜為自己的生命奮鬥都會動容；任何一個有知識的人，都知道應該退出沙灘，遠遠的走避。但是由於人類的好奇和無知，使得這些小龜飽受威脅。他們扶老攜幼擋住小龜爬行的路徑，閃光燈、手電筒此起彼落，高聲的喊叫，來回的奔跑，使得原本平滑的沙地，被踩出不計其數的坑洞，徒增小龜爬行的困難，也驚擾了小龜回家的方向，使牠們爬向陸地，走向死亡。
這種對生命的不尊重，令人痛心疾首。畢竟地球並不是人類所獨有的，綠蠕龜也有牠生存的權利，兩者的生命是同樣的可貴。期待下一次當你踏上鳥語花香的望安島時，能用愛護的心、疼惜的心，善待這裡的自然生態資源，讓瀕臨絕種的綠蠕龜能定期回來，也讓我們的下一代，能夠目睹海龜上岸繁衍的大自然奇景。",文中提到綠蟻龜孵化後依什麼導引爬向大海,,,,,"海浪的聲音,海面光線",1021-1,,,
"一臺電腦,它可以配合電話系統和另一臺電腦連接起來,彼此分享對方儲存的資料。利用這樣的原理,把許多電腦集合起來,讓它們彼此互相連接，結合成一張綿密的網，那麼每一臺電腦就可以擁有所有電腦儲存的大量資料了。這樣的設計，就叫「網路」，意思是「網狀的通路」。

西元一九六九年,美國因為國防上的需要，
全力進行網路實驗，獲得成功。美國國內許多學術機構，開始利用網路互相交換研究成果。一九九三年，他們又開發了圖像化的「全球網際路」，有了全球網際網路，任何一臺電腦都可以和世界上任何地區的任何網址相連接，大大拓寬了網網路的功能。

舉一個例子說:美國某一所大學的研究生，正在研究丹麥童話，需要一份安徒生的詳細生平資料。他只要使用網際網路，當下就可以在丹麥一個學術機構的檔案裡查到。你說這是不是很方便？

臺灣的網路實驗，也是從學術機構開始。西元一九八一年，國內幾所大學開始有了小規模的網路結合。
一九九一年，教育部申請到一條專線，跟美國國內一所大學的網際網路相連接。再經過兩年的時間,也就是一九九三年，我們就跟全球網際新科技接軌了。

在網際網路蓬勃發展的過程中,電腦又出現一項新功能—「電子郵件」。有了電子郵件,我們可以利用網路，跟世界上任何地區的人通信,只要你知道那個人的網址。更方便的是，同一封信還可以同時發給許多人,簡直就像發通告。

網路為我們帶來一個新的「資訊時代」，同時也改變了我們的日常生活。我們除了可以在網路上查到取用不竭的資料以外，還可以把日常生活中的許多事情交給網路去做。例如:通信，購物，買車票，申請戶口名簿，向醫院掛號，向銀行領錢等等，只要你輕輕按一下滑鼠，一切問題都迎刃而解了。

根據美國一家資訊公司的調查，現在全世界使用網路的人已經超過一億，美國國內的使用者大約是五千萬人。臺灣的使用者有多少呢?根據調查，早已經有數百萬人了。",文中提到年些年份,,,,,"一九六九,一九九三,一九八一,一九九一,一九九三",1022-1,,,
,文中提到和台灣有關年份有哪些?,,,,,"一九八一,一九九一,一九九三",1022-2,,,
,文中提到和美國有關年份有哪些?,,,,,"一九六九,一九九三,一九九一",1022-3,,,
,文中提到哪些國家或島嶼? ,,,,,"台灣,美國,丹麥",1022-4,,,
,文中提到日常生活中的哪些事情可交給網路去做,,,,,"通信,購物,買車票,申請戶口名簿,向醫院掛號,向銀行領錢",1022-5,,,
"唐玄宗開元年間，有一日天氣寒涼，雪花微飄。邊塞派的詩人王昌齡、高適、王之渙三個興趣相投的好朋友，相約到旗亭飲酒賦詩。剛巧遇到幾位美麗的少女，在這裡唱曲宴樂。三人便約定以女子演唱各人所作詩篇的情形，來定詩名的高下。
最先被唱到的是王昌齡的作品，王昌齡高興極了，喜孜孜的在牆壁上畫一道記號，然後是高適，高適也眉開眼笑的在牆上畫下記號，接著又是王昌齡和高適的詩作。眼看情形不妙，王之渙著急了，雙手不停的搓著，額頭上微微的滲出了汗水。他指著女子中最明麗動人的一位，堅定的對兩位朋友說：「如果這位美人所唱的，不是我的作品，我情願甘拜下風。」結果最美的這位女子開口了，聲音之清亮悅耳，仿佛黃鶯出谷，讓人不禁凝神諦聽。她唱的是：「黃河遠上白雲間，一片孤城萬仞山；羌笛何須怨楊柳，春風不度玉門關。」
這正是王之渙所作，情調雄闊蒼涼的七言絕句──涼州詞。詩歌中，表現了邊塞軍士深切思念家園的鄉情。詩歌的內容是說：在這塞外，一眼望去，只見黃河遠遠的仿佛從白雲間傾瀉下來，一座孤城矗立在萬丈高山環抱之中，這情景是多麼的蒼茫荒涼。哪些駐守在這邊城的將士，已經夠哀怨的了，羌笛又何必再吹起引人離緒的「折楊柳」曲子，讓人更增添無限的悲愁？要知道春風從來就不曾吹到過玉門關的啊！更何況是在這塞外的地方？
歌聲剛歇，王昌齡和高適不禁拍起手來，對王之渙的自信與才情讚佩不已。而王之渙也得意洋洋，痛快的多喝了幾杯酒，三人盡興而歸。",文中提到哪些人名?,,,,,"唐玄宗,王昌齡,高適,王之渙",1023-1,,,
,文中提到哪些詩人?,,,,,"王昌齡,高適,王之渙",1023-2,,,
"東漢末年，丞相曹操率大軍南下，意圖統一四海。劉備自知不敵，便由軍師諸葛孔明出馬，說服吳國合力抗曹。他們在長江南岸布好陣勢，隔江對抗曹軍。
吳國統帥周瑜平日總聽身邊的魯肅稱讚孔明足智多謀，心裡很不是滋味，又擔心劉備擁有這樣的人才，對吳國不利。現在見孔明前來聯盟，便極力想要除此大患。他特地當眾向孔明請教：「請問先生，和曹軍交兵，用什麼兵器最合適？」
「江面廣闊，應當先用弓箭射擊。」孔明神色自若的回答。
周瑜假作憂愁的說：「但我們軍中箭枝短缺。麻煩先生指揮製造十萬枝箭備戰，好嗎？」
孔明一口答應：「當然應該效勞。您什麼時候要用？」
周瑜想了想，說：「十天之內能辦成嗎？」
魯肅在旁一聽，心想十萬枝箭，十天怎麼可能造得出來？周瑜根本是存心為難孔明嘛。誰知孔明竟篤定的回答：「三天就行。」
周瑜連忙追問：「軍中無戲言，你能保證嗎？」
孔明胸有成竹的笑著說：「我可以簽下軍令狀，三天交不出箭，甘願受罰。」
周瑜馬上拿出軍令狀，盯著孔明簽了名，高興的想：「三日後叫你死而無怨！」
會後，魯肅趕緊來看看孔明需要什麼協助。不料孔明氣定神閒的說：「箭材都不必了，只請魯兄借我二十艘戰船，每一艘都搭上布幔，紮滿草束，配備三十名軍士。三天後，你就派人來搬箭吧！」
魯肅滿腹狐疑的預備好船隻，卻不見孔明採取行動；第二天也沒有動靜，直到第三天深夜，孔明忽然請他上船，說：「我們取箭去吧！」
魯肅發現船隻都用長索相連，直往江北敵營方向划去，不禁坐立難安。正想幸好今晚大霧瀰漫，也許可以遮掩形跡，不料孔明卻偏偏命軍士將船在敵軍陣前一字排開，擊鼓呐喊。魯肅一聽，大驚失色，忙搖手說：「曹操兵多勢大，攻過來怎麼得了？」
孔明笑著說：「放心吧！曹操多疑，不會霧中開戰的，一定只在遠處放箭。我們就等著收箭吧！」
果然，曹操一聽說敵人深夜進攻，便下令：「霧這麼大，必有埋伏！我們絕不可輕易應戰，用亂箭射他就好。」
一時間曹軍群集江邊，箭如雨發，枝枝畫破濃霧，飛向孔明船上的草束而來。
孔明談笑風生的和魯肅在船艙中觀戰，見這一邊的草束已插滿了箭枝，便命軍士將船掉頭，用另一側的草束繼續上前受箭。很快的，所有船邊的草束上都滿載利箭。孔明一揮羽扇，下令停鼓收船，並讓軍士齊聲高呼：「謝丞相箭！」
曹操聽見呼喊，知道上當，但船輕水急，吳軍早已迅速順流而下，要追也來不及了。
天亮時，孔明及時點交了箭枝。周瑜聽說不費一兵一卒，就平白奪來了十幾萬枝敵營的箭，也不禁為之嘆服：「孔明神機妙算，實在遠高過我啊！」",文中提到哪些人名?,,,,,"曹操,劉備,孔明,周瑜,魯肅,",1024-1,,,
"世界上很多國家都有國花，有的象徵一國的精神，有的含有歷史的意義，有的與氣候或物產有關，各有各的道理。
例如:美國以山楂花（又稱五月花）為國花，這是因為他們的祖先當年到美洲開荒所乘的船，名為五月花號，所以用它來象徵冒險進取的開國精神。
法國古代曾有勇士，拿著畫有三朵百合花的盾牌上陣，每次都打了勝仗，因此法國就用這種象徵吉利的百合花，作為國花。
其他像日本的櫻花，土耳其的康乃馨，希臘的橄欖花，埃及的睡蓮，英國的薔薇等等，都各有它們被選作國花的意義。
我國從唐朝開始，就以牡丹為國花，一直沿用到清朝。牡丹濃豔芬芳，是花國之王，被稱為國色天香，自然有它雍容華貴的氣象。但是，牡丹花雖然濃豔卻不夠堅忍，雖然芬芳卻未免嬌弱，無法表現中華民族的特性。因此，中華民國奠都南京之後，政府在民國十七年底，正式宣布以梅花為國花。
梅花有三蕾五瓣，正好象徵三民主義和五權憲法。它有一身傲霜鬥雪的鐵骨，富有堅忍耐苦的精神。在清淺的水邊，疏影橫斜；在昏黃的月下，暗香浮動。那冰清玉潔的花朵，就是它高尚品格的象徵。梅花的精神和品格，也就代表了我們國家在苦難中愈挫愈奮、愈戰愈勇的精神。
在凜冽的寒風中，一枝梅花的開放，透露了冬天將去、春天要來的消息；也為我們在苦難中成長的國家，帶來了光明的希望。",文中提到哪些國家? ,,,,,"美國,法國,土耳其,日本,泰國,希臘,埃及,英國,中華民國",1025-1,,,
,文中提到哪些花? ,,,,,"山楂花,百合花,櫻花,康乃馨,橄欖花,睡蓮,薔薇,牡丹,梅花",1025-2,,,
,文中提到哪些季節?,,,,,"冬天,春天",1025-3,,,
,文中提到哪些國花? ,,,,,"山楂花,百合花,櫻花,康乃馨,橄欖花,睡蓮,薔薇,梅花",1025-4,,,
"少康中興 
大禹因為治平了洪水的大患,受到人民的愛戴,建立了夏朝。夏朝的帝位，傳到了帝相,因為他喜歡玩樂，長期外出打獵，於是請了神箭手后羿做宰相。后羿的野心很大，乘機把帝相趕走，自己做了天子。 
后羿是個射箭的能手，但也一樣不會管理國家，得到天下以後，還是天天去射箭打獵，把國家大事，都交給了他的寵臣寒浞去處理。寒淚的野心更大，他乘后羿打獵回來，宴樂醉倒的時候，將他殺掉，取代了后羿的帝位。 
後來寒浞又派人把逃出去的夏帝相殺掉。這時候夏朝可算是滅亡了！幸而帝相的皇后是有仍國國王的女兒，她在帝相被殺的時候，正懷著身孕，逃回有仍國去。不久就生下了一個兒子，叫做少康。 
少康從小就從母親那裡知道了亡國的恥辱，又知道了后羿、寒浞這些人的罪惡，深為人民所怨恨。他一再惕勵自己，立下了一個報仇復國的宏願。
少康長大以後,在有仍國管理畜牧。寒浞知道了，又派人去捉他，他就逃到有虞國，掌管王宮廚房的事。有虞國國王看他是一個有大志的青年，竟然把女兒嫁給他做妻子，並且把綸這個地方送給他。這時候,他才算有了根據地。 
他的根據地有多大呢？歷史上說他這時候「有田一成，有眾一旅」。一成是方十里大的地方，一旅是五百人。土地雖小，人民雖少，他卻雄心萬丈，憑藉這一點基礎幹起來。 
由於他知道亡國的恥辱，一心一意要雪恥復國，所以他刻苦自勵，發憤圖強，親自率領軍隊操作，而且和人民同甘共苦，一切都以身作則。由於他的精神感召，五百人上下一條心，大家對報仇復國，都具有必勝的堅定信念。漸漸的，少康奮發有為的聲名傳布出去了，哪些夏朝的舊臣和民眾，都不約而同的來歸附他。這樣辛苦經營了四十年,終於一舉把寒浞滅掉，恢復了夏朝。 ",文中提到哪些人名?,,,,,"大禹,后羿,少康,寒浞,帝相",1026-1,,,
,文中提到哪些國家或朝代? ,,,,,"夏朝,有仍國,有虞國",1026-2,,,
,文中提到哪些人以下犯上?,,,,,"后羿,寒浞",1026-3,,,
"星期一開班會的時候，老師要我們討論畢業旅行的地點和相關事項。大家公推班長擔任主席，由我做紀錄。關於旅行的地點，學校已經初步決定了幾個地方，要我們表示意見。討論的時候，同學發言踴躍，有建議去日月潭的，有主張到澄清湖的，也有人希望搭船出海到澎湖，或搭乘北迴鐵路的火車去觀光。最後贊成到淡水和冬山河的人比較多，以下是余智慧和汪成文兩位同學分別主張到淡水和冬山河的理由。
余智慧拿了一本淡水深度旅遊手冊讓同學們傳閱，她說：
「我主張到淡水。到淡水，不但可以欣賞山城河灣的美好景色，而且可以增進我們對歷史文化的認識。你可以遠眺觀音山，俯瞰淡水河，你可以探訪有三百年歷史的紅毛城，也可以漫步巡禮哪些富有傳統色彩的老街古廟，和異國情調的洋樓豪宅。你看過淡水渡船頭的落日嗎？你知道珍貴罕見的胎生植物紅樹林嗎？淡水所有的這些景物，都值得我們去盡情暢遊觀賞。所以我主張到淡水。」
汪成文先說他母親是宜蘭人，對冬山河最了解了。他這樣滔滔不絕的說：
「冬山河近年來名氣最響亮了！現在臺灣有很多河流被汙染了，被蹧蹋了，可是冬山河卻反而整治得漂漂亮亮的。你能想像僅僅在十幾年前，它還水患頻仍，令人聞之喪膽嗎？
「原來冬山河由於河道彎曲，排水不易，所以常常造成氾濫。政府為了改善居民環境，促進地方繁榮，從民國六十六年起開始，斥資進行各項防洪工程，並將下游截彎取直十公里。到了民國七十一年，完成了清水大閘門，防止海水倒灌，從此解除了長久以來的水患。尤其民國八十一年開放了親水公園以後，冬山河已經變成了著名的風景區。每當星期假日，總有不少遊客慕名而來，有的划船，有的賞鳥，有的徜徉河畔，有的臥看雲天。這是多麼美麗宜人的景致啊！
「就以親水公園來說吧。你可以在涉水池中盡情玩水；你可以在紅色的捷徑橋下，俯瞰園中美景；你可以在黃龍坡上，欣賞彩色陶片和瓷磚所構成的美麗圖案，這些圖案，都是附近小學生自己設計鋪成的。假使我們能夠選在端午節那一天去，還可以看到熱鬧非凡的龍舟競賽。」
由於他們兩個人動人的描繪，所以我們班上決定畢業旅行的地點，優先考慮冬山河和淡水。",文中提到哪些人名?,,,,,"余智慧,汪成文",1027-1,,,
,文中提到哪些河?,,,,,"冬山河,淡水河",1027-2,,,
,文中提到哪些民國年份?,,,,,"六十六,七十一,八十一",1027-3,,,
,文中討論畢業旅行的地點是何處?,,,,,"冬山河,淡水",1027-4,,,
"臺灣是一個南北長、東西窄的寶島；從空中看起來，很像一片美麗的樹葉。縱貫這片樹葉中間的一條葉脈，就是中央山脈；這一條山脈，卻阻擋了寶島東部和西部的交通。
多少年來，政府就一直計畫要修築能夠橫貫臺灣東西部的公路；但是因為這條公路必須穿越中央山脈，工程過於浩大，所以沒有付諸實行。
直到民國四十五年七月七日，在行政院的策畫下，舉行了東西橫貫公路開工典禮，這條公路就是現在的中部橫貫公路。參加修築這條公路的人員，都是百戰功高的國軍退除役官兵，也都是國家的榮譽公民，所以又稱為榮民。他們經過四年的努力奮鬥，終於以人力克服天險，把這一項極為艱鉅的偉大工程完成了。這條公路的修建，不僅為臺灣東部帶來交通的便利和地方的繁榮，同時在全省的經濟、文化和軍事上的價值，更是難以估計。
橫貫公路的主線，由臺中縣的東勢鎮入山，溯大甲溪上行，經谷關、德基(達見)、梨山，越過合歡山，再循立霧溪下行，經關原、天祥到太魯閣，和蘇花公路相銜接。加上由梨山分岔到宜蘭的支線，和另外一條通到霧社的補給線，全長三百四十八公里。沿途各地，森林茂盛，水力充沛，資源豐富，經營農耕、畜牧和果園，都是很理想的地方。還有很多的礦產，如沙金、水晶、白雲石、大理石、雲母石、鐵礦、錳礦等，都是可貴的寶藏。
再從風景來看，橫貫公路沿線，自太魯閣到天祥一段，是有名的遊覽勝地；如九曲洞的曲徑通幽，燕子口的兩崖絕壁，長春祠的白練橫飛，都是精華所在。其他如梨山、合歡山一帶，千嚴競秀，萬壑爭流，哪些奇麗的美景，真是天造地設。而代表我國民族精神的幾項建築，如文天祥像、岳王亭、孟母亭、慈母亭和慈母橋，也於民國五十六年全部完竣，更為名山勝境增色不少。
一個原始山區，幾乎是人煙絕跡的地帶，現在由於橫貫公路的開闢，卻創造了一個新天地。這都是可敬可佩的榮民，用他們的智慧和血汗，克服無數的困難，所獲得的成果。凡是到過橫貫公路的中外人士，無不一致讚美：這是一條勝利之路，也是一條成功之路。",文中提到太魯閣到天祥的哪些景點?,,,,,"九曲洞,燕子口,長春祠",1028-1,,,
,文中提到哪些民國年份?,,,,,"四十五,五十六",1028-2,,,
,文中提到哪些溪流?,,,,,"大甲溪,立霧溪",1028-3,,,
,文中提到哪些礦產?,,,,,"沙金,水晶,白雲石,大理石,雲母石,鐵礦,錳礦",1028-4,,,
,文中提到參加修築中部橫貫公路人員有那幾種身份?,,,,,"國軍退除役官兵,榮譽公民",1028-5,,,
,文中提到哪些公路?,,,,,"中部橫貫公路,蘇花公路",1028-6,,,
,文中提到哪些山?,,,,,梨山、合歡山,1028-7,,,
,文中提到哪些縣市?,,,,,"臺中,宜蘭",1028-8,,,
,文中提到哪些代表我國民族精神的建築?,,,,,"文天祥像,岳王亭,孟母亭,慈母亭,慈母橋",1028-9,,,
,文中提到中橫不但為臺灣東部帶來交通的便利和地方的繁榮，還有什麼其他價值？,,,,,"經濟,文化,軍事",1028-10,,,
"大家都聽過「愚公移山」的故事吧。相傳這位老人，因為他家附近有座高山，阻礙交通，發誓要把山移開。他每天帶著兒孫，專做移山的工作。這種堅毅的精神，是可敬佩的。
古代雖不一定有愚公這個人，現代卻有很多具備愚公精神的人。他們憑著信心和毅力，發揮集體的智慧，經過精密的測量和設計，運用萬能的雙手和最新的機械，削平曾文溪附近的一座山峰，把大量的土石移運過來，興建了一座遠東最大的曾文水庫。這種「人定勝天」的精神，更是可貴。
這座水庫的位置，在臺灣南部曾文溪上游，比石門水庫還大兩倍半；儲水量可達七億立方公尺，具有多目標的功能。南起臺南縣，北到嘉義縣的農田，都受到它灌溉的利益，每年增產大量的稻米，並可充分供應附近地區住戶的用水。除了灌溉的功能外，它還能防洪、發電。防洪，是因為它可以調節水量，使溪流免於氾濫；發電，是利用它的水力推動發電機來產生電力。它不僅給國家社會帶來很大的財富，而且使居住在臺南、嘉義等地的民眾，都享受到它帶來的福利。
由於曾文溪自然形勢的優美，氣候宜人，風光明媚，加上水庫工程結構的雄偉壯麗，吸引了不少遊客，很快的就成了寶島的觀光勝地。
興築這座曾文水庫，無論設計和施工，從頭到尾都是由我國人自己用腦、自己動手的。他們兢兢業業，一分一秒不懈怠，一絲一毫不疏忽；經過六年的通力合作，到民國六十二年五月完成。可見我們的智慧、能力和科學技術，足以迎頭趕上其他現代化的國家。這是一次嚴格的考驗，也是一項榮譽的創造。最主要的，更顯示了我國的土木工程，已提高到國際水準。只要大家堅定民族的自信心，發揮偉大的創造力，共同為國爭光，我們炎黃子孫，一定可以在世界上揚眉吐氣。",文中提到哪些水庫?,,,,,"曾文水庫,石門水庫",1029-1,,,
,文中提到哪些縣市?,,,,,"臺南,嘉義,",1029-2,,,
,文中提到曾文水庫除了灌溉還有哪些功能?,,,,,"防洪,發電",1029-3,,,
"我們現在有好幾種筆可以使用：表現中國書法的特點，用毛筆；適應現代光面的紙張，用鋼筆；為了可以隨時擦掉修改，用鉛筆；攜帶方便而又書寫流利的，是原子筆。
中國人使用毛筆，有長久的歷史，毛筆是中國古代的一項重要發明。一管在手，揮灑自如，寫出來的線條，變化豐富，歷代書法家各有各的特色，美不勝收。到了近代，鋼筆、鉛筆、原子筆，先後從西方輸入，我們的書寫工具，是愈來愈簡便了。鋼筆、鉛筆和原子筆，各有它的特點。鋼筆的筆尖用金屬製成，彈性大，硬度高，筆畫轉折方便，而且一次注水，可以連寫很多字。鉛筆的一端是筆尖，把另一端加上橡皮，可以在寫錯字時，便於擦去修改。原子筆用細小的鋼珠代替筆尖，更是滑潤而流利。
毛筆、鋼筆、鉛筆、原子筆，儘管效率不同，但可並行不悖。用毛筆來排除鋼筆、鉛筆、原子筆，當然是不可能的事情；如果說鋼筆、鉛筆、原子筆，能完全代替毛筆，也不可能。因為書法是中國特有的藝術，要想完成這種藝術品，必須使用毛筆；只要書法不廢，毛筆就會存在。
毛筆最受人批評的地方，是使用不便。不過，「不便」的東西未必就會消滅。例如：在家裏聽唱片多麼方便，買票入場聽音樂演奏多麼麻煩，然而唱片能夠完全代替音樂會嗎？每天炒菜多麼麻煩，開罐頭有多簡單，無而罐頭食品能夠完全代替烹飪嗎？這兩個問題的答案都是「不能」。炒菜、聽音樂會，固然比較麻煩，可是它們有它們的優點，所以仍然會受到人們的重視。毛筆也是如此。
簡便的書寫工具，能提高效率，節省時間；但也會助長潦草，增加訛誤。倘若過分貪圖便利，不注意筆畫和字體結構，忽視基本訓練，那就失去了「便利」的意義。更進一步看：我們無論使用那一種筆，寫出來的文字內容，都可能有好有壞。好的文字內容，對社會提供優美的精神食糧，是一種貢獻；壞的文字內容，對社會散布邪惡的無形病菌，是一種罪惡。因此，每一個執筆人，都應該對他寫出來的文字内容負責，以充分發揮筆的功用。",文中提到哪些筆?,,,,,"毛筆,鋼筆,鉛筆,原子筆",1030-1,,,
,文中提到原子筆的優點有哪些?,,,,,"攜帶方便,書寫流利",1030-2,,,
,文中提到哪些事情比較麻煩但還是有優點?,,,,,"炒菜,聽音樂會",1030-3,,,
,文中提到簡便的書寫工具有哪些優點?,,,,,"提高效率,節省時間",1030-4,,,
"漢武帝為了打敗匈奴，想聯合西域的外族。西域有個國家叫月氏，常常受到匈奴的荼毒，一直想向匈奴報復；漢武帝知道了，立刻傳旨，叫張騫去聯絡月氏，準備合力攻擊匈奴。
張騫家住陝西成固，從小智勇雙全，有遠大的抱負。他起初做武帝的郎官，盡心負責，受到大家注目。武帝派他去聯絡月氏，他一口答應，不辭危險艱苦。
武帝建元三年，張騫帶了部下一百多人上路。嚮導是個胡人，名叫甘父。他們才走到中途，就被匈奴俘擄。一拘留就是十幾年，部下死的死，變節的變節，但是張騫始終保持漢符，給部屬無限鼓舞。後來，匈奴防範漸疏，他們終於乘隙逃出，若有神助。
一路上風塵僕僕，到了月氏，這時候，月氏王卻改變了意圖——不想再向匈奴報復。張騫失望而歸，回國途中，又被匈奴捉住。這次關了一年多，乘敵人內訌，又幸運的逃出。安抵國門的，只有張騫和甘父。
武帝元狩四年，張騫第二次帶著部屬，到西域聯絡烏孫國，來夾擊跋扈的匈奴。雖然仍舊沒有達到目的，但是，他們所到之處，中國的絲綢和漆、玉、銅這些器物，陸續的傳給了西域外族；西域的葡萄、音樂和美術，也輾轉輸入了中土。中西的文化交流，從此，打開了門戶，奠定了基礎。",文中提到哪些人名?,,,,,"漢武帝,張騫,甘父",1031-1,,,
,文中提到哪些國家或朝代? ,,,,,"漢,月氏,匈奴,烏孫國",1031-2,,,
,張騫第二次西域中國陸續的傳給了西域外族哪些東西?,,,,,"絲綢,漆,玉,銅",1031-3,,,
,張騫第二次西域西域傳給中國哪些東西?,,,,,"葡萄,音樂,美術",1031-4,,,
"金龍伯是一位老船員。他從小跟隨父親到美國加州的舊金山去謀生。他的父親雖然住在國外，心中想念的卻是祖國。有一次，他得到一面青天白日滿地紅的國旗，常常拿出來給金龍伯看，叫金龍伯不要忘記自己的祖國和老家。父親去世的時候，在朋友們的安排下，那面國旗成為父親的陪葬。
金龍伯長大以後，成為船員，在一家美國輪船公司服務了三十年。他做事認真負責，得到美國船長的信任。退休的那天，美國船長因為敬重這位忠誠的中國船員，表示要送他一件紀念品。國際的慣例，輪船進入一個國家的港口，就要掛上那個國家的國旗，所以船上各國的國旗很多，包括中華民國的國旗在內。金龍伯想起父親，也想起自己的祖國，因此，他向船長要的紀念品，就是一面中華民國的國旗。
他退休以後，住在舊金山中國城的一間小房子裡。他像他的父親一樣，特別珍惜那面國旗，特地把它掛在客廳的牆上。朋友們來了，大家在一起喝茶談天。他就會告訴他們這面國旗的故事，以及父親生前常說的一句話：「不要忘記你是中國人。」
他有三個兒子，也都是船員。老大在荷蘭的輪船公司服務，老二在法國的輪船公司服務，老三在英國的輪船公司服務。三兄弟到過世界各國的許多大商埠，逛過世界各國的許多名勝古蹟，日子久了，對祖國的印象也淡了。當公司的輪船到舊金山裝貨的日子，每個兒子都會上岸去向金龍伯請安。金龍伯總會叫他們看看國旗，跟他們談老家的事，叫他們不要忘記自己是中國人。
一年夏天，他病了。大兒子來看他，他就對大兒子說：「你們都有了固定的職業，而且也都已經成家，我的人生責任算是盡到了。我的一生過得很愉快，沒有什麼遺憾。我走了以後，我的遺產，我的後事，都有你們的翁叔叔料理。你們放心好了。」他說的翁叔叔，是一位可靠的律師。
那年秋天，金龍伯去世了。翁律師通知三兄弟到舊金山來為父親安排葬禮，並且按金龍伯的意思，把遺產交代清楚。然後，他捧出一個精美的雕花木盒，對三兄弟說：「這是你們的父親鄭重交代給我的一個木盒，要你們三兄弟共同保管。」
翁律師當著三兄弟的面，把寶盒打開，盒子裡放的是摺得好好的一面青天白日滿地紅的國旗。",文中提到哪些國家? ,,,,,"中華民國,美國,荷蘭,英國",1032-1,,,
,文中提到哪些職業? ,,,,,"船員,律師",1032-2,,,
"春秋時代，齊國和楚國都是有名的大國。有一次，齊王派晏子出使到楚國去。楚王聽說晏子智慧高、口才好，但身材非常矮小，於是仗著自己國勢強盛，存心想羞辱他，以顯顯楚國的威風。
晏子來到楚國，楚王下令把城門關上，另外在旁邊開了一個小門。晏子走到小門前看了看，若無其事的對接待的人說：「這是狗洞，不是城門。只有出使狗國，才從狗洞進去。我在這兒等一會兒，請你們先去問個明白，楚國到底是個什麼樣的國家？」楚王聽了，只好下令打開城門，把晏子迎接進去。
晏子拜見楚王，楚王打量了他一下，冷冷的說：「貴國難道沒有人了嗎？」晏子說：「光是敝國京城的人，大家舉起袖子，就可以使天都暗下來，大家揮一揮汗，就像下一陣雨，怎麼說沒有人呢？」楚王緊接著問：「既然有那麼多人，為什麼派你這樣的人來呢？」晏子一副很為難的樣子說：「大王，不瞞您說，敝國有個規矩：訪問上等的國家，就派上等的人去；訪問下等的國家，就派下等的人去。像我這樣的人，派到貴國來，是最合適不過的了。」楚王聽了，只好笑一笑。
第二天，楚王安排盛大的宴會招待晏子。正當大家吃得高興的時候，有兩個士兵押著一個犯人從堂下走過來。楚王見了，故意問道：「下面的犯人是哪裡人？犯的是什麼罪？」士兵恭敬的回答：「是齊國人，犯了強盜罪。」楚王搖了搖頭，對晏子感嘆的說：「想不到你們齊國人竟然善於做強盜！」楚國的大臣聽了都哈哈大笑。只見晏子面不改色，站起來說：「大王，您可知道在橘樹種在淮水以南，結出來的是又香又甜的橘子；可是移種到淮水以北，就只能結出又小又苦的枳。這完全是土壤和氣候不同的關係呀！同樣的道理，我們齊國人本來是規規矩矩、安分守法的，可是一到楚國，就做起強盜來。我看，這是受了楚國風俗的影響吧！」
楚王聽了趕緊賠不是說：「我原本想取笑先生，沒想到反倒被先生取笑了。」於是立刻改變態度，以禮相待。",文中提到哪些國家? ,,,,,"齊國,楚國",1033-1,,,
,文中提到哪些水果名稱? ,,,,,"橘,枳",1033-2,,,
"上星期小阿姨來信，約我們一家人今天到宜蘭福山植物園去玩。我們高興得不得了，因為我們又可以和好久不見的小阿姨相聚了。更何況，要參觀福山植物園，可不是說去就去那麼簡單的事。平時要進入園區，得在十五天以前提出申請，拿到「入園證」才能進入參觀。
我們終於來到了這有人間仙境之稱的福山植物園。進入園區，順著小徑走了不遠，一潭清水展現在眼前，水面漂著像睡蓮一樣的植物，小阿姨說：「它是臺灣特有的萍蓬草，開起嬌柔的小黃花來才美呢！」湖邊的樹，有的將枝幹伸向水面，微風吹過，枝葉輕拂，波光閃閃。遠處游來幾對鴛鴦，悠然自得，水紋隨著牠們的身體靜靜的分開，又慢慢的合了起來，牠們鮮麗的羽毛，為這染翠的山水增添幾許顏色，也帶來生命的喜悅。
我們坐在湖邊的涼亭裡，看著翠綠的山，澄澈的湖，這時風靜、樹靜、水靜，只偶爾傳來一聲宛轉悅耳的鳥鳴，剎那間，我覺得自己就是那天邊的一朵雲，就是那水邊的一棵小小的樹，自由自在，心中充滿幸福和快樂。
再往前行，是面積廣大的原生植物展示區，高大的樹木挺拔的生長著。纏繞著它，迎向陽光的是各種藤本植物。山中多霧，一片片地衣綠化了樹下的土地，一朵朵野菇像一把把小傘，附生在大樹根上。各種蕨類，更依附著樹木吸取雨露和養分。這林蔭深處真是蘊藏著無盡的生機，自然界好像在告訴我們，生存本來就是寬大包容，相依相附的呀！
園內還種植了許多花木，因為現在正是初冬，看不到花朵的容顏，小阿姨說，當春天來臨時，淡紅的烏來杜鵑、雪白的油桐、粉紅的西施花全都開了，那時的植物園，就成了萬紫千紅的錦繡世界。
下午四點，我們依依不捨踏上歸途，山中的霧正慢慢湧起，山路蜿蜒曲折，漸行漸遠，回頭尋覓，福山植物園已在雲深不知處了。",文中提到哪些季節?,,,,,"冬,春",1034-1,,,
,文中提到哪些花?,,,,,"睡蓮,杜鵑,油桐,西施花",1034-2,,,
"學校為了迎接創校一百週年，舉辦了各項慶祝活動,從十一月初起，文化走廊上，貼滿了各式各樣的海報。布告欄上，也張貼了各項慶祝活動的公告和通知。
公告
主旨：為慶祝本校百週年校慶，訂於十二月一日上午十時起，舉辦各項慶祝活動，敬請全校師生踴躍參加。
說明:一、活動項目及內容：
項目　資格　時間　地點　承辦單位
吾愛吾校詩歌朗誦　五、六年級　十二月一日　禮堂　教務處
畫我美麗校園　全校學生　十二月二日　校園　教務處　
校樹選拔　全校師生及家長　十二月七日　各投票所　訓導處

二、除校樹選拔項目外，參加其他兩項活動的人員請於即日起至十一月二十日止，向各承辦單位辦理報名。

「畫我美麗校園」活動的當天，因天候不佳，學校緊急通知活動延期。
緊急通知
原訂今天下午一點三十分，在校園舉辦的「畫我美麗校園」活動，因雨順延改至明天同一時間舉行，特此通知。
教務處　十二月二日
百週年校慶的各項活動中，以「校樹選拔」達到最高潮，經全校師生、家長、畢業校友，在十二月七日那天投票，選出了本校的校樹。選拔結果公布在布告欄上。

公告
主旨:公告「校樹選拔」活動的投票統計結果。
樹名　得票數　排名　當選別　
老榕樹　一五六四　一　ｖ
老樟樹　一二三O　二　
大王椰子　一O二O　三　總投票數:　三八一四
訓導處　十二月八日

公告和通知，是一個單位或團體用來傳達訊息的文件，其寫法、功能，與一般文章不相同，基本上都包含有三個部分：一、文件名稱:例如「公告」、「通知」或「緊急通知」等。二、正文：就是公告或通知的內容，主要包括了在什麼時間、什麼地點、做什麼事及公告的對象、注意事項等。
三、發文的機關、單位和時間。
公告和通知,兩者的差別在於：公告比較正式，有主旨，告知的對象一般來說是單位全體；通知沒有公告那麼正式，可以不必有主旨那項。告知的對象一般是少部分的人或特定的人。現在,你了解公告和通知了嗎?",文中提到哪些樹?,,,,,"老榕樹,老樟樹,大王椰子",1035-1,,,
"北宋時代，四川有一位才子蘇東坡，他是一位有名的文學家，也是一位出色的書法家。他從小就聰明過人，很喜歡讀書，也是個精力充沛的活潑孩子。在家鄉美麗的田野間，他快樂的奔跑遊戲，呼吸草木泥土的芬芳，汲取山川風露的靈氣。
十二歲的時候，他和小朋友在空地上遊戲，挖到了一塊奇形怪狀的石頭，他如獲至寶，興高采烈的捧去給父親看。東坡的父親並沒有怪他弄得髒兮兮的一身泥巴，反而仔細端詳這塊石頭，一本正經的笑著說：「孩子啊！你運氣真好，這可是一塊上好的硯石啊！我們找人打磨一下，你可以用來練書法呢！」
經過打磨以後，這塊石頭看起來像條魚的形狀，全身是淺淺的碧綠色，上面點綴著細小的銀色紋路，磨起墨來，墨色潤澤，經久不乾，果然是一塊好硯，東坡高興極了。爸爸說：「這塊硯臺簡直是上天賜給你，要你好好練書法的。你知道古代大書法家王羲之、懷素他們是怎麼練字的嗎？」
「東晉的王羲之是公認的『書聖』，他的屋子旁邊有一個清澈的小水池，王羲之天天練完字，就在池子裡洗筆、洗硯臺，久而久之，連池子裡的水都被染得黑沉沉的了，人稱『墨池』。唐朝的懷素最擅長寫草書了，為了練字，不知道寫禿了多少枝毛筆，堆起來像座小山一樣，被稱作『筆塚』。你看，字要寫得好，得要勤奮苦練，寫出『墨池』、『筆塚』才行啊！你現在有了這塊天賜的硯石，可要好好珍惜，用功練字啊！」
從此，這個硯臺就放在東坡的書桌上，東坡給它取名為「天石硯」，他始終沒有忘記父親的教訓，天天用它苦練書法。後來他不但在文學藝術上有了出類拔萃的成就，而且成了著名的書法家。",文中提到哪些朝代?,,,,,"北宋,東晉",1036-1,,,
,文中提到哪些人名?,,,,,"蘇東坡,王羲之,懷素",1036-2,,,
"孩子，是父母生命的延續，父母為了孩子，甘願起早睡晚，辛勤工作，讓孩子衣食無缺，平安成長。大多數的父母更知道，教育也是很重要的。三字經上說：「養不教，父之過。」父母除了用愛養育孩子以外，也用智慧教育孩子；父母的智慧，如同一盞明燈，照亮了孩子的生命。
孟母三遷是大家熟知的故事，孟母為了尋找適合孟子的成長環境，不辭辛勞的再三搬家。孟母雖然自己不會教孟子認字讀書，但是她一直細心觀察孩子的發展，注意環境對孩子的影響，並且積極的採取行動。這就是孟母的智慧。
唐朝有一位李夫人，丈夫早死，辛辛苦苦的養育三個兒子。有一天，他們在所住的破屋子地底下，挖到了一箱錢，三個兒子都高興極了，母親卻命他們把錢埋回原處，並且向上天祝禱：「如果上天有眼，賜我們母子這些錢財，請把它變成兒子日後的俸祿吧！」後來三個兒子都做了大官。難道真的上天有眼，聽了母親的祝禱嗎？不是的，是母親那種拒絕非分之財，拒絕「不勞而獲」的堅定信念，激勵了兒子，讓兒子發憤圖強，終能有所成就。這是李夫人的智慧。
宋朝的司馬光寫信給兒子，教導孩子要節儉，他說：「由儉入奢易，由奢入儉難。」這句話的意思，是說由節儉的生活方式變成奢侈很容易，要由奢侈的生活方式節儉下來就難了。其實司馬光貴為宰相，可以錦衣玉食，還教孩子要節儉，不是太多餘了嗎？這正是司馬光深謀遠慮的地方，因為他不可能永遠做宰相，永遠讓家人過著富足的生活，現在教導孩子不要奢侈，正是怕孩子將來過苦日子啊！這是司馬光的智慧。
我們歌頌父母的偉大，不只因為父母操心勞累，養育孩子，也因為他們教導孩子做人處事的原則，為孩子尋求適合發展的環境。他們的智慧，是孩子終生的寶藏，讓孩子受用無窮；他們的苦心至愛，是孩子應該永遠感念的啊！",文中提到哪些朝代?,,,,,"唐朝,宋朝",1037-1,,,
"上星期，老師告訴我們，今天第一節課要做猜謎遊戲。一大早，我們就把寫好的謎語貼在教室裡，等著大家來猜。上課時，老師提示我們：「謎語是中國的傳統文化，有字謎、有物謎、也有猜人名的。猜的時候要先仔細想一想謎語的內容，比如說猜字謎，就要從文字結構來分析；又比如猜物謎，就得注意這件事物的特色了。所以一會兒說謎底的時候，別忘了跟大家說一說你為什麼這樣猜。」接著老師就宣布猜謎遊戲開始。
苗天福第一個搶著舉手說：「我先猜，『池裡不見水，地上沒有泥。』是不是冬天的游泳池？」提供題目的艾志雄說：「對不起，猜錯了，這一題是猜『字』，不是猜『物』啊！」于佩佩笑咪咪的緊接著問：「這是一個『也』字吧！因為『池』裡沒有『水』，『地』上沒有『土』，不都是只剩下一個『也』字了嗎？」艾志雄高興的說：「猜對了！佩服！佩服！」張玉珊跟著舉手，說：「『七十二小時』的謎底是不是『晶』字？因為七十二小時正好是三日，我猜的對不對？」提供題目的周偉趕快說：「了不起！了不起！你一猜就猜對了。」
丁小芹說：「這裡的一則謎語有趣！『根在水中央，身材細又長，皮膚白又嫩，好吃又營養。』我猜一定是豆芽。」苗天福好奇的問：「你怎麼猜到的？」丁小芹得意的說：「豆芽有根，可是不長在土裡，它的身體又白又細又長，你忘了嗎？我們以前做過『豆子發芽』的實驗啊！」苗天福抓抓頭，眨眨眼，做了個鬼臉說：「你真是能溫故知新啊！」大家看到他的表情都笑了。
接著有人猜了地名、人名、成語等謎語，有的人對，有的人錯，整個教室裡笑聲不斷，熱鬧極了。快下課的時候，老師說：「我也說一個動物謎語給大家猜，下次上課再告訴老師謎底。」老師說的謎語是這樣的：一朵芙蓉頭上戴，戰衣不用剪刀裁。雖然不是英雄漢，唱得千門萬戶開。看來，我們都得好好用心猜一猜了。",文中提到哪些人名?,,,,,"苗天福,艾志雄,張玉珊,丁小芹,",1038-1,,,
"星期六的晚上，我們一家人輕輕鬆鬆坐在客廳，享受週末的歡樂時光。電視裡正播出和鄉土風情有關的節目，主持人在介紹臺灣民間過年時，各種「粿」的製作方法和用途，我們都看得津津有味。
爸爸忽然說：「我小時候念過一首閩南歌謠：甜粿過年，發粿發財。包仔包金，菜頭粿吃點心。以前每次念到這首歌謠，就好像聞到了『粿』的香味兒，心中忍不住的盼著新年快些來到。」
媽媽說：「我小時候也學過一首北方歌謠，它的內容把過年前的熱鬧都說出來了，我念給你們聽聽看：
老婆老婆你別饞，過了臘八就是年。臘八粥，喝幾天，漓漓拉拉二十三。二十三，糖瓜黏。二十四，掃房日。二十五，炸豆腐。二十六，燉羊肉。二十七，殺公雞。二十八，把麵發。二十九，蒸饅頭。三十兒晚上熬一宿，大年初一出來扭一扭。」
媽媽念得又流利又好聽，我和姊姊都拉著媽媽的手說：「教我們念，教我們念。」姊姊更好奇的問，「二十三，糖瓜黏，黏什麼東西呀？」媽媽笑了，說：「黏灶王爺的嘴，讓他上天不能張嘴告狀呀！」
奶奶也笑了，她說：「聽你念得真有趣，其實臘月二十四，我們客家人也是全家大掃除，而且要請灶王爺吃湯圓，讓他嘴甜甜的，上天去說好話。還有啊，大年初七，客家的婦女一定到寺廟去拜神祈福，並且有吃七種菜的習俗，據說吃了之後，這一年會更健康，更聰明，更懂得勤儉過日子呢。」
聽了奶奶和爸爸、媽媽的話，我和姊姊都覺得這些古老的習俗，不只是有趣，而且非常有意義呢。",文中提到哪些粿?,,,,,"甜粿,發粿,菜頭粿",1039-1,,,
,文中提到哪些動物?,,,,,"雞,羊",1039-2,,,
"從臺北坐飛機去澎湖，航行時間是四十五分鐘。在飛機上，小真對我說：「姑姑，澎湖是一個孤零零的海島嗎？」我說：「澎湖是一個群島，除了澎湖本島以外，大小島嶼有六十幾個。其中有人居住的，只有二十個左右。」小真很認真的說：「原來是這樣。」
我們這個旅行團，一共有三十六個人，幾乎都是大學裡的同學，大家的計畫是利用兩天的時間，到澎湖做重點旅遊。我特意替小真報了名，心中也有個小計畫，就是讓小真有機會認識澎湖，因為她的外婆是澎湖人。
飛機在澎湖機場降落，我們坐遊覽車進入馬公市區，沿途看到綠野上盛開著橘黃色的野生菊花。我趕緊告訴小真：「天人菊！這是澎湖縣的縣花，代表澎湖人不畏艱苦的精神。」小真說：「回家的時候，我一定要帶幾朵去送給外婆。」
我們住進旅社，我在販賣部買了一包帶殼花生，給小真嘗嘗。她剝了幾顆吃了，點頭說：「這兒的花生好肥大，又香又脆，真好吃！」吃中飯的時候，小真第一次吃到丁香魚、澎湖龍蝦、絲瓜炒蛋，飯後還吃了幾片香甜多汁的澎湖哈密瓜。我問這一頓飯的味道怎麼樣。她在我耳邊說：「真的很好吃！」
旅行團按照原訂計畫，看了五個景點：
天后宮——有三百多年的歷史，梁柱雕刻很細緻，是臺灣地區有名的古老廟宇之一。
通梁古榕——是澎湖有名的古樹，綠蔭遮蔽的一片土地，有兩個籃球場那麼大。
跨海大橋——它跨過水流很急的深海，是遠東最大的一座深海大橋。白色的橋身，跟藍色的海水相輝映，非常美麗。
西臺古堡——是清代建造的大炮臺。炮臺裡的隧道，由大塊的石頭造成，工程非常浩大。
桶盤嶼——形狀像倒扣的桶盤，島的三面有柱狀的玄武岩環抱，是大自然的奇觀。
在返回臺北的飛機上，我問小真：「你還滿意嗎？」小真說：「雖然只有短短的兩天，我已經愛上這個地方了。」她對我笑一笑，又說：「記得嗎？我說過要帶天人菊回去送給外婆。」我問她：「帶了嗎？」她拍拍掛在胸前的照相機說：「在這裡！」",文中提到哪些縣市?,,,,,"澎湖,臺北",1040-1,,,
,文中提到哪些景點?,,,,,"天后宮,通梁古榕,跨海大橋,西臺古堡,桶盤嶼",1040-2,,,
,文中提到哪些海鮮?,,,,,"丁香魚,澎湖龍蝦",1040-3,,,
"熱愛野生動物的英國女子珍‧古德，在二十六歲時來到了非洲，開始對黑猩猩的行為進行長期的觀察。
她一進叢林，便染患了瘧疾，飽受折磨。但是她最擔心的，還是黑猩猩們始終不肯讓她接近。大病初癒的珍，決定要獨自行動，好讓黑猩猩們了解她友善的態度。她爬上高高的山壁找明顯的位置，在山頂上坐了一整天，終於得到了黑猩猩的信任，展開近距離的觀察活動。她每天五點半起床，便上山工作，直到天黑才回營地，整理當日的觀察紀錄，至夜深才休息。珍為每一隻黑猩猩命名，把牠們當作自己的朋友，還親眼目睹黑猩猩們繁衍三代。她投注了大量的精力與時間，只為完成理想而奮鬥。
珍的研究成果深具意義。例如，她發現猩猩竟然會製造釣白蟻的工具。牠們用細樹枝伸進白蟻窩中，等到樹枝末端沾滿白蟻時，再把樹枝抽出來，放進自己的嘴巴裡，享受可口的白蟻大餐。人類學家一直以為，只有人類才會製造工具，珍的觀察結果證明這種理論並不正確。還有一次，一隻小猩猩的母親不幸病死，結果牠被另一隻善良的黑猩猩給收養了呢！除此之外，黑猩猩面對聲勢壯大的瀑布，或是雷聲隆隆的暴風雨時，也會舞動手腳，像是在表達內心的敬畏。這和我們老祖宗的祭神歌舞，不是很類似嗎？
如今珍已不再從事野外觀察，轉而全力投入拯救黑猩猩的工作。因為她深刻體會到黑猩猩和人一樣，渴望被愛，渴望受尊重，希望我們人類能了解牠們的感受，珍惜牠們，愛護牠們，還給牠們良好的生活環境，這是她現在努力奮鬥的目標。
靠著過人的恆心與毅力，珍不但拓展了人類的知識領域，也教導我們，要以更為人道的精神來對待動物",文中提到哪些動物?,,,,,"黑猩猩,白蟻",1041-1,,,
"定居美國的華裔大提琴家馬友友，音樂的天分極高，四歲就開始練習巴哈的曲子。他非常用功，每天練習曲子至少四、五個小時，即使現在已經舉世聞名了，也不間斷。
他真是個音樂天才，不論演奏什麼曲子，古典的也好，現代的也好，他都能融入自己的想法，用靈動的指尖，深情的拉出最美妙的樂音來。他說過：「拉琴時，一定要覺得樂器好像是你身體的一部分，琴弦就是你的聲音，大提琴就是你的肺。」他從來沒有忘記追求人琴合一的境界，其實那已經不是單純的彈奏音符，而是創造感情和音樂結合的世界。
草螟仔弄雞公這首具有草根性和生命力的臺灣鄉間歌謠，在馬友友的指尖和琴弓下，那活潑有力、激越跳動的旋律，彷彿蚱蜢和公雞鬥弄時，東奔西跳，把公雞逗得團團轉的情境，活生生的展現在眼前。
舒伯特的名曲鱒魚，是描寫魚兒洄游出生地的過程。馬友友運用大提琴溫柔的唱和，襯托鋼琴和小提琴時而高低起伏，時而輕靈滑溜的樂音，表現了魚兒洄游中曼妙的身姿，偶爾奮躍而起的情景，可稱唯妙唯肖。
「哎呀不得了，事情真糟糕，我的火雞呀，跑到哪兒去了……」這是描寫西部移民的美國民謠綠樹紅花。馬友友演奏這首曲子時，特別把握住那輕快短促、歡樂洋溢的節奏，刻畫出那些男男女女，勾著手臂，腳穿高筒靴，圍著圓圈，歡樂的跳著方塊舞的西部移民，揮灑著他們無窮精力的情境。
這些跳躍的音符、美妙的音樂，正是馬友友心靈真誠的創造，所展現出讓人風靡的大提琴丰采。",文中提到哪些人名?,,,,,"馬友友,舒伯特",1042-1,,,
,文中提到哪些動物?,,,,,"雞,蚱蜢,魚",1042-2,,,
"鐘是用青銅合金所鑄造的樂器。一般的編鐘，將大小不同的幾口鐘排列在一起，組成音階，演奏起來，十分悅耳動聽。
戰國時代，南方有一個小國，叫做曾國。曾侯乙在位的時候，為了展現國力，決定鑄造一套前所未有的大編鐘，好讓各國另眼相看。於是他下令廣招工匠，積極鑄造。幾年過去，終於完成了一套六十四口的大編鐘，這也是我們至今所知最大的一套編鐘。
這套編鐘太壯觀了！六十四口鐘，分作三層，掛在描龍刻鳳的鐘架上，幾乎要占兩個牆面。六個身佩寶劍的青銅武士，雙手向上，牢牢拖住沉重的鐘架。最大的鐘有半個人高，小的只有巴掌大小，鐘的表面刻上了細緻的花紋，也標記了音高。更令人驚奇的是，每一口鐘的正面和側面都可以敲擊出兩個不同的音高，形成了美妙的和音，這種鑄鐘技術太驚人了。
我們可以想像這套編鐘演奏的情形：幾個樂工一起合作，負責中、上層的樂工拿著小槌，雙手如飛的敲擊出響亮清澈的中、高音；負責下層的樂工握住沉重的木棍，緩緩的撞擊出震撼人心的巨大低音。高低音交織在一起，在高大的殿堂裡迴盪不絕。動人的旋律，配合著歌者的宛轉長歌，舞者的翩翩起舞，這樣編鐘樂舞的華麗場面，一定會讓在座的人讚嘆不已，也讓曾侯心花怒放，得意無比。
編鐘鑄成後不久，曾侯乙就過世了，這套精心鑄造的編鐘也就成為他的陪葬品，從此塵封在深深的墓室裡。直到近年，考古學家挖出了曾侯乙墓，才終於重見天日。兩千四百年來，這套編鐘長眠地下，一旦出土，它精密的鑄造技術和繁複的音階，震驚了現代人。曾侯已逝，曾國早亡，只有這套編鐘，是中國古文明的鮮活見證。如今它那悠揚雄壯的鐘聲，依舊一聲聲，向我們傾訴著中國古文明的神奇。",文中提到哪些國家? ,,,,,"中國,曾國",1043-1,,,
"快樂兒童是我們學校每個月出版一次物，丁新、張玉珊和我都是這份月刊的「小記者」。前幾天，指導老師和我們討論下一期的專題內容，大家決定用「神秘的南極洲」當主題，寫一篇訪問記。星期天的早晨，我們帶著錄音機、紙、筆和相機，來到專門研究地球科學的鄭教授的家，在幽靜雅緻的書房裡，她接受了我們的訪問。
神秘的南極洲
訪問對象：鄭教授
時間：○月○日星期天
地點：鄭教授的家
記者：丁新、張玉珊、王小美
紀錄：王小美
丁新：「鄭教授，請問您，南極洲是一個什麼樣的地方呀？」
鄭教授想了想說：「啊！這個問題太大了。這樣說吧，南極洲是一片被冰雪覆蓋的大地，最厚的冰層有四千多公尺，高山、深谷都隱藏在這個大冰帽子下面，地球上百分之九十的冰都集中在這裡。有科學家說，如果南極洲的冰融化了，海平面會上升，世界上很多沿海低地就會消失在大海裡。」
張玉珊：「鄭教授，南極洲有人居住嗎？」
鄭教授笑笑說：「那裡幾乎是沒有人居住的。因為在這個冰天雪地裡，只有少數的藻類和地衣可以生長。在這裡，人類也顯得特別脆弱，惡劣的天氣，急降的溫度，隨時都能奪走可貴的生命。有趣的是，在這裡卻有許多海鳥、企鵝、海豹和鯨魚依靠著海洋的資源生活，自然界真的是很奇妙。」
張玉珊問：「聽說有一些科學家在那兒進行探測，是真的嗎？」
鄭教授說：「有，在南極洲有一些科學家，正在從事各種探測。他們共同研究南極洲的地質，想知道在冰層下是不是藏著豐富的礦物資源。他們也共同研究南極洲上空的『臭氧層』，想知道為什麼它會破一個洞。科學家們因心繫未來地球的生存，在惡劣的生活環境中與大自然搏鬥，真是讓人感動佩服！」
丁新問：「南極洲沒有夏天嗎？」
鄭教授說：「南極洲的夏天是每一年的十一月到第二年的二月，縱然是夏天，氣溫在冰點以上的日子也只有二十多天，這時候，寒湖初融，一個個澄澈的小水潭，就像鑲在白色緞子上各式各樣的藍寶石，真是美極了！」
張玉珊問：「聽說南極洲有半年時光太陽不下山，是真的嗎？」
鄭教授說：「對，這是南極洲、北極海共有的奇景。在南極洲，每年從九月底開始，有將近半年的永晝期。這段期間，地球的另一端——北極海，卻進入見不到陽光的永夜期。地球的兩極，就這樣的晝與夜，光明與黑暗輪流交替。南極洲被大家稱為神祕大地，是有原因的呀！」
我們告別的時候，鄭教授還送了兩本有關南極洲的書給我們看呢！",文中提到哪些人?,,,,,"丁新,張玉珊,王小美,鄭教授",1044-1,,,
,文中提到哪些動物?,,,,,"海鳥,企鵝,海豹,鯨魚",1044-2,,,
,文中提到哪些記者?,,,,,"丁新,張玉珊,王小美",1044-3,,,
"導讀
本文是取材自李白「早發白帝城」詩的遊記，靈活應用對比和襯托的寫法，一面寫從四川白帝城到湖北江陵，兩地相距「千里」；一面則寫水急船輕，當天就可到達。加上不停啼叫的猿聲襯托，雖然沒有直接描寫船走得快，卻已經烘托出船隻的輕快，和李白暢快的心情。
小朋友，讀完這篇遊記，相信能帶著你進入李白詩歌原作的意境，愉快的陪著李白，來一趟長江三峽的文學之旅。
這是一個晴朗的早晨，初升的太陽把雲霧照射得五光十色。李白從四川白帝城上船，準備到湖北江陵去。
船走了不久，就進入了三峽。三峽是瞿塘峽、巫峽、西陵峽，兩岸都是連綿不斷的高山，把長江夾在中間，像一條彎彎曲曲的巷子，約有七百里長。長江在三峽的一段，江面很窄，水流很急，船在江上航行，被急流的江水推送著，快得好像在空中飛一樣。出了三峽，再行幾百里的航程，就可以到達江陵。
李白回頭看看白帝城，已經掩沒在彩雲中間，看不見了。他開始計算航程，當天晚上能不能到達江陵。古代相傳：江陵距離白帝城一千二百里，夏天水漲的日子，順流行船，早晨從白帝城出發，當晚就能到達。
三峽兩岸的高山連綿不斷，到處都有猿猴的啼聲，一聲接著一聲，叫個不停。路過這裡的旅客，聽到凄切的猿啼，常常會不知不覺的流下淚來。但是李白這時候坐在船上，水急船輕，又穩又快，身子好像騰雲駕霧一般。兩岸不斷的猿啼，和著風聲、水聲，好像大自然的樂隊，正在演奏一首進行曲。
不知不覺中，船已經出了三峽。李白覺得眼前一亮，立刻看到天空地闊，江面寬大，果然當天晚上，就到了江陵。下船以後，他還有全身舒暢的感覺。
於是，他寫了一首早發白帝城的詩：
朝辭白帝彩雲間，千里江陵一日還。兩岸猿聲啼不住，輕舟已過萬重山。
想一想下列的問題：
1.這趟搭船的旅程，李白的心情怎樣？你是怎麼看出來的？
2.本文裡提到兩岸的猿聲，在文章裡有什麼特別的意思？
3.李白在「早發白帝城」這首詩裡，怎樣描寫船隻的輕快？",文中提到哪些省?,,,,,"四川,湖北",1045-1,,,
,長江三峽是那三個?,,,,,"瞿塘峽,、巫,、西峽",1045-2,,,
"商朝末年，紂王非常暴虐，周武王決心要出兵討伐這個暴君。
那時候，精通兵法、足智多謀的呂尚，做武王的軍師。他本姓姜，原為周文王的老臣，所以別人都尊稱他姜太公。
為了充分明瞭敵情，姜太公派人在紂王的京城裏探聽一切，隨時報告。有一次，派去的人帶回來消息：「紂王因為他的叔父比干常常規諫他，就把比干殺了，他的臣子們都很憤慨。」
武王聽到這個消息，問姜太公：「紂王這樣殘暴，他的臣子們都已離心，我們可以趁這個機會出兵討伐他嗎？」
「時機還没有成熟。他只是殺他的自己人，一般老百姓未必都知道。」姜太公搖搖頭說。
過了一些時候，又有新消息來了：「紂王的叔父箕子常常規諫紂王，紂王不但不聽，反而把他關起來。」同時還聽說：「紂王在冬天的早晨，看見一個農民赤腳涉水，他覺得非常奇怪，這個人為什麼不怕冷？就下令把他捉來，剖開足脛加以研究。」
這一次，武王認為是一個不可多得的好機會，又問姜太公：「我們可以出兵了嗎？」
姜太公沈吟了一會兒，還是搖搖頭說：「再等一個時期！」
又過了一些時候，有人把最新的消息帶回來：「紂王怕老百姓在背後批評他，下令老百姓不准兩個人在一起講話，現在朝歌城裏，兩個熟識的人在路上碰見了。只是你望望我，我望望你，不敢交談。」
一聽到這個報告，姜太公不等武王問他，立刻去對武王說：「我們可以出兵了！」武王聽了太公的話，就舉行誓師典禮，出兵伐紂。
在這一次誓師典禮中，發表了一篇富有歷史意義的宣言：列舉紂王的暴行，說他怎樣殺害忠良，怎樣荼毒百姓，罪證確鑿；又用對照的方式，說明紂王雖有臣民億萬人，但分離為億萬心，武王只有臣民三千人，卻結合為一條心。結果，武王就憑這三千人一條心的團結力量，打敗了紂王這個殘暴的獨夫。",文中提到哪些人名?,,,,,"紂王,周武王,周文王,姜太公,比干",1046-1,,,
"史懷哲從小就充滿愛心。有一次，他跟同伴比賽角力，較量的結果，他占了上風，可是被他摔倒的同伴，從地上爬起來，一面拍拍身上的灰塵，一面大聲的說：「如果我跟你一樣，每個禮拜喝兩次肉湯的話，我就不會輸給你了。」史懷哲聽了，覺得很難過；開始注意到，並不是每個人都和他一樣衣食無缺，世界上確實有很多貧苦和不幸的人。
史懷哲七、八歲的時候，同伴約他到山中去打鳥。他們一到森林裏，同伴立刻熟練的蹲到樹後，聚精會神的用彈弓挾著小石子，瞄準鳥兒。史懷哲跟著做了。但是，當他蹲下來瞄準的時候，他聽到了遠處教堂傳來的鐘聲。悠揚的鐘聲裏，鳥兒仍舊自由自在的跳著、叫著。史懷哲立刻把彈弓扔了，趕走小鳥，一口氣跑回家去。以後，每當教堂的鐘聲響徹林梢，他仿佛就聽到這樣的聲音：「不要殺害生命。」
還有一次，史懷哲跟幾個同學到溪邊釣魚。他看到他們把活生生的蚯蚓，穿進釣鈎裏做魚餌，他嚇得目瞪口呆。他們一釣到魚，就把釣竿猛力拉起，從鈎上取下魚來，魚嘴都裂開了，不停的滴著血，可是他們都若無其事的樣子；史懷哲看到這種情形，就不再跟他們釣魚了。
從這些故事裏，我們可以知道，史懷哲從小就有悲天憫人的愛心。後來他到非洲叢林裏行醫，就是用行動來實現愛與和平的願望，勸勉人們：要互助合作，不可互相殘殺；要愛護動物，不可任意虐待。關心別人，尊重生命，史懷哲這一切愛的表現，我們都可以在他少年時代的生活裏找到答案。",文中提到哪些動物?,,,,,"鳥,魚,蚯蚓,",1047-1,,,
"阿姆斯壯、艾德林、柯林斯，這三個人的名字，將永遠寫在歷史上，受後人的紀念、景仰。他們是第一批登陸月球的三個太空英雄。
他們坐在太空船裏，被火箭推送升空，在太空中飛行了五天，降落在月球上。第一個踏上月球表面，是阿姆斯壯。他慢慢的伸下腿來，在月球表面留下一個清楚的腳印，透過人造衛星的轉播，我們從電視機的螢光幕上，看見了這個腳印；並且聽見他從月球上傳來的聲音。
他說：「對我個人來說，這是一小步；但是，對人類來說，這是一大步。」
人類登上月球的試驗，到底成功了。這是一件多麼令人興奮的大事！為了試驗登月，五十萬人工作了九年，失敗過十三次；最後克服了所有的困難。阿姆斯壯和艾德林，在月球表面上做了很多事：把科學家要他們帶去的幾種儀器，放在月球上；用電視攝影機，把他們在月球上活動的情形，傳回地面；收集月球上的岩石，帶回地球供科學家分析研究。阿姆斯壯和艾德林在月球上忙碌，柯林斯駕駛著指揮艙，在太空中繞著月球飛行，等著接這兩個人一同飛回地球。
太空人一面在遙遠的天上探險，一面跟地面上的管制中心通話。他們在無線電話裏面說：太空的景色十分壯麗，月球的顏色，隨著太陽光線的角度變化，有時候是灰色，有時候是棕色或黄色。他們在太空中看地球，也像在地球上看月球一樣，看見一個圓形有光的星體。他們在太空中看見很多星體，他們說：還是地球最美。由於月球的引力比地球的引力小，阿姆斯壯和艾德林走路的時候，都輕飄飄的跳者；地面管制中心怕他們在坎坷不平的月球表面上跌倒，一再通知他們要小心。地面人員在緊張忙碌之中，還說了一個笑話，他們對月球上的太空英雄說：「有個美麗的女孩子，帶著一隻兔子，住在月球上，你們可要好好的找一找。」地面人員所說的這個女孩子，就是中國神話裏的嫦娥。
太空人在地面管制中心的指揮之下，按照預定的時間表，完成一切工作。他們坐著登陸小艇，離開月球，與柯林斯駕駛的指揮艙會合、連接，飛回地球。當他們在太平洋的水面上降落的時候，一艘軍艦早已在預定的地點迎接。這一次登月計畫，完全成功，為以後的太空探險，星際交通，打開了大門。",文中提到哪些人名?,,,,,"阿姆斯壯,艾德林,柯林斯",1048-1,,,
"珊珊喜歡收集郵票。她收集的都是國內郵票。
有一天，爸爸正在讀一封信。珊珊看了看信封上貼的郵票，很高興的說：「這是日本郵票！」
正在讀信的爸爸抬頭問她：「你怎麼知道是日本郵票？」
珊珊說：「您看，郵票上面不是有『日本郵便』四個字嗎？」
爸爸說：「不錯，不錯，你很細心。這是姑姑從日本寄來的信。」又說：「你不是很喜歡收集郵票嗎？這張郵票就給你好了。」從此以後，珊珊就開始收集外國郵票了。
過了一段日子，珊珊捧著一本新買的集郵冊去找爸爸。珊珊說：「爸爸，我已經有了日本郵票、韓國郵票、泰國郵票、美國郵票。我想收集世界各國的郵票，每個國家至少有一張。我應該怎麼去做？」
爸爸說：「這真是一個大計畫！這樣吧，你可以畫一張表格，把你知道的國名都寫在上面。你收集到哪一個國家的郵票，就在國名後面打勾。這樣，你就可以知道哪些國家的郵票你已經有了，哪些國家的郵票你還沒收集到。」
珊珊說：「可是，我不知道全世界到底有多少個國家。我想多知道一些國家的名稱。」
爸爸說：「明天是星期日，我們就在家裡一起查資料好了。」
第二天，珊珊跟著爸爸一起在書房裡尋找資料。爸爸查百科全書。珊珊查「世界萬國旗」掛圖，查最新的世界地圖。他們把查到的都記了下來，一共記下了一百多個國名。
查完資料以後，兩個人也累了。珊珊趕緊拿來吸管和兩罐果汁，跟爸爸一起喝。爸爸說：「有了資料，下午你就可以畫表格了。」
正在喝果汁的珊珊，鬆口放開了吸管，抬頭笑著說：「一定是一張很大很大的表格！」",文中提到哪些國家? ,,,,,"日本,韓國,泰國,美國",1049-1,,,
"動物群居的奇幻谷，是一個充滿歡樂的地方。這兒每隔一段時間，就會舉辦有趣的競賽活動，讓住在谷裡的居民，施展才能，大顯身手。他們舉辦過跑得最慢的比賽，冠軍得主是烏龜；嘴巴張得最大的比賽，第一名是鱷魚；叫聲最長的比賽，得到勝利的是灰狼。還有許多的比賽，都讓大家玩得歡喜盡興。
當奇幻谷的竹子，挺直了腰身，擺動嬌綠嫩葉的那一天，動物們又舉辦了一場趣味競賽──躲貓貓。地點就在竹林附近。許多動物都報了名，烏龜、鱷魚、灰狼當然也來了。可愛的小白兔是這一次活動的裁判，眼光銳利的老鷹負責搜尋。裁判的哨音一響起，所有參加的動物，立刻展開藏身行動。再一聲哨音，老鷹開始尋找。
長頸鹿最先被老鷹找到。老鷹一抬眼，就看到他那藏也藏不住的長脖子。烏龜第二個被找到，他以為把頭縮進自己的龜殼裡，別人就看不到他。然後是鱷魚，他躲在水裡，卻露出了一對圓鼓鼓的眼睛，骨碌碌的轉個不停。不久，灰狼也被找出來，他躲在一棵矮木叢後面，本來藏得很好，茂密的樹葉遮住了他，不料尾巴不聽話，老是擺來擺去，當然就被老鷹發現了。
漸漸的，參賽的動物一個一個被找出來，只剩竹節蟲與枯葉蝶，不論老鷹怎麼找，就是找不到！終於，老鷹投降了，高聲的請他們現身。「啊！」大家發出驚嘆。竹節蟲與枯葉蝶就近在眼前，竹節蟲和竹子的細枝簡直一模一樣，而枯葉蝶掛在枯枝上面，活像一片枯葉。他們偽裝的工夫，躲過了老鷹銳利的眼睛，的確是藏身高手，讓大家心服。
小白兔宣布：奇幻谷「躲貓貓」比賽，竹節蟲與枯葉蝶勝利！",文中提到哪些動物?,,,,,"烏龜,鱷魚,灰狼,小白兔,老鷹,竹節蟲,枯葉蝶",1050-1,,,
"二千五百年前，中國出現了一位偉大的教育家──孔子。他一生教了三千多個學生，有七十二位是特別傑出的。孔子的學說，對中國文化有很大的影響；孔子的教學，更是教育成功的模範。
子貢是孔子的學生裡最有錢的人，因為他頭腦靈活，會做生意。有一次，子貢問孔子：「富有的人如果能不驕傲，貧窮的人也能不巴結人，您覺得怎麼樣呢？」孔子一聽，就知道子貢在自誇了，於是說：「這種人當然很好，但如果窮了還能自得其樂，富有了還能重禮守法，這種人就更可貴了。」孔子的回答，在批評裡包含了對子貢的期望。子貢原本口才好，說起話來滔滔不絕，這時也心悅誠服的接受了孔子的教導。
子路是孔子的學生裡最熱情的一位，他願意把自己漂亮的衣服、華麗的車馬和朋友分享，一點兒也不小氣。但子路的性情有些急躁，有一回，孔子和學生談到每個人未來的發展，別人還沒說話，子路就迫不及待的發表了一番意見。孔子聽了微微一笑，並不說些什麼。別的學生問孔子笑什麼，孔子說：「由說他可以治理大國，治國要講禮，他性子這麼急，連說話都不知禮讓，還談什麼治國啊！」子路聽到了，心服口服，因為老師一眼看穿了他的大毛病。
子貢、子路都是孔子的好學生，但孔子最喜歡的學生還是顏回。顏回家裡窮，住在破屋子裡，過著粗茶淡飯的日子，但仍快快樂樂的用功讀書。他從來不亂發脾氣，同樣的過錯，不犯第二次，沒有人比得上。他讀書做人的態度很得到孔子的讚賞。
孔子有這麼多不同的學生，他不但對他們一視同仁，也留心學生不同的個性，給他們不同的指導，這就是「因材施教」，所以孔子是中國最偉大的老師。",文中提到哪些人名?,,,,,"孔子,子貢,子路,顏回",1051-1,,,
"一百二十多年前，加拿大青年馬偕懷抱著宗教家的熱情，來到了臺灣北部的淡水。淡水河兩岸，春天的平原碧草遍地，百花齊放，一些小小的農家，隱隱約約的藏在樹叢裡。近處的觀音山秀麗挺拔，遠方的大屯山峻偉高大。眼前的美景，深深的吸引了馬偕，他決定在這裡留下來。
一到淡水，馬偕就急著要學閩南話。他沒有老師，也沒有課本，只好去田間四處走走，希望農人能教他。可是農人總是奇怪的看著他，避開這個長著大鬍子的外國人。一天，他在山坡上遇到了幾個放牛的孩子，馬偕試著和他們打招呼，這些孩子起出非常吃驚，但是很快的就和馬偕交上了朋友。從此，馬偕白天去山坡上和放牛的孩子學閩南話，晚上在屋裡大聲練習。五個月以後，他已經能用閩南話傳教了，當地人看到這個洋人捲著舌頭說閩南話，都忍不住哈哈大笑。馬偕就這樣慢慢的和他們打成一片，並且得到了許多人的尊敬。幾年後，他取了一位臺灣姑娘，在臺灣有了溫暖的家。
馬偕是臺灣北部的第一位外國傳教士，為了傳教，他走過了臺灣北部各地，並且遠到宜蘭、花蓮，深入原住民部落。當時的臺灣，醫藥不發達，牙醫也很少，滿懷愛心的馬偕一方面四處傳教，一方面幫人家治病、拔牙。他拜託其他的外國醫生加入他的治病工作，又請外國朋友捐錢來蓋醫院，在他的努力下，終於建立了淡水「偕醫館」，就是後來的馬偕醫院。
馬偕在淡水生活了三十年，直到生命的終點。他給這兒的人們留下了愛的禮物，他的一生像一根蠟燭，燃燒自己，給我們帶來了溫暖和光明。",文中提到哪些縣市?,,,,,"宜蘭,花蓮",1052-1,,,
"是什麼點燃了科學家研究發明的熱情呢？可能是因為他們的好奇心，想探究天文地理的奧妙；也可能是因為對人類的同情與關懷，希望人們能生活得更好。我國古代有許多了不起的科學家，他們的科學成就，就是源於他們的同情心。
例如東漢的張衡，他是位文學家，對科學也很感興趣。當時，經常發生地震，地震一來，地動山搖，江河亂流，讓許多人失去了寶貴的生命。張衡心想：「如果能記下地震發生的時間、地點，也許就有辦法預測地震了。」經過很久的實驗，他發明了「候風地動儀」，能精確的記下幾千里外的地震，這是世界上第一架研究地震的儀器。
再如東漢的華佗，是位醫術出神入化的名醫。他見到有些病吃藥不管用，人們被病痛折磨，心裡非常不忍，想要把病人的肚子打開來，徹底醫治。可是，要把病人的肚子剖開，那有多痛啊！於是，華佗開始研究能讓人不痛的藥，終於研配成了「麻沸散」。他用「麻沸散」把病人麻醉後，再施行精密的外科手術，就這樣，治好了許多人的病痛。
這些人所以能有傑出的科學成就，不但因為他們聰明努力，也因為他們能同情別人，關懷別人。其實同情心人人都有，我們同情孤苦的老人，同情啼哭的幼兒；但我們多半只是默默的付出同情，很少主動去探討解決痛苦的方法。張衡和華佗就不同，當他們見到別人受苦，就盡心盡力的去研究發明，終於有了科學上的突破。
所以說，同情心是張衡和華佗努力的原動力，他們不但促成了中國科學的發展，而其造福人類的精神，更是值得我們稱讚和學習。",文中提到哪些人名?,,,,,"張衡,華佗",1053-1,,,
"○月○日　星期○　天氣陰
今天一大早，全家人到故宮博物院去參觀。故宮博物院在臺北近郊的外雙溪，四面環山，林木蒼翠，是一座中國宮殿式的建築，裡面收藏了我國七千年的文化藝術寶物。爸爸說：「要看的東西太多了，我們先看青銅器和玉器，其他的留著下次再來參觀，這樣就可以仔細欣賞，不會走馬看花了。」
青銅器在一樓展出，負責講解的人告訴我們，這些精美的「鐘」和「鼎」，都是商代、周代時期造的。上面的文字，大多數是記載當時的一件大事，叮嚀子孫要永世珍藏。從這些文字，我們可以知道幾千年前的歷史。我忍不住跟弟弟說：「真了不起！」
最吸引人的是玉器，有些是古代皇帝用來賞玩的小擺設，像玉佛、玉如意、玉獅子、玉鼻煙壺等，件件都光滑細潤、生洞奇妙，讓人讚不絕口。尤其是那棵舉世聞名的「翠玉白菜」，潔白的菜梗，翠綠的菜葉，菜葉上還趴著兩隻精巧的紡織娘，雕得跟真的一樣，看得我目瞪口呆。而弟弟則盯著那塊油光光的「肉形石」左看右看，嘴裡還一直說：「哇！太像了，太像了！真想吃一口。」把旁邊的人都逗笑了。
回家的路上，爸爸告訴我們，中國人最愛玉，不但用來賞玩，古代皇帝還用玉器祭拜天地，祈求福佑。而這些精美的玉器，都是玉匠用心血一刀一刀雕琢出來的。聽了爸爸的話，我心中有說不出的感動，可是弟弟念念不忘的，卻還是他那塊「肉形石」呢！",文中提到哪些朝代?,,,,,"商代,周代",1054-1,,,
,文中提到哪些玉器?,,,,,"玉佛,玉如意,玉獅子,玉鼻煙壺,翠玉白菜",1054-2,,,
"圖書館裡的書，五花八門，包羅萬象。翻開它們，就好像走進了知識的寶庫，展開一趟又一趟新奇的尋寶之旅。
打開世界名人傳記，古今中外傑出人物的故事，便出現在我們眼前。像明代偉大的醫學家李時珍，從小立志要給天下的窮人治病。為了寫本草綱目這本藥書，整整花了二十七年時間，親身到各地採藥，親口去嘗試藥材，他行走了上萬里路，請教了千百個人。大發明家愛迪生為了找出電燈泡裡合用的燈絲，曾經實驗過好幾百種材料。他常說：「成功是一分天才加上九十九分努力。」它們勤奮的精神，是不是很值得學習呢？
打開自然科學的書，我們會被各種奇妙有趣的知識所吸引。像蛇、青蛙等動物，在嚴寒的冬天裡，不容易找到食物，為了保存體力，牠們會睡上一個冬季，等到春天來臨，大地回暖的時候才醒過來。像含羞草這種植物，他翠綠的羽狀葉子，一叢叢的長在地上，看起來毫不起眼，但是只要有人用手輕輕的碰一下它的葉片，立刻就像害羞的少女一樣，把葉子合了起來。這些動植物的特性，是不是令你大開眼界呢？
打開兒童故事書，我們來到充滿趣味的故事王國。當孫悟空拔下身上的毛，用嘴一吹，會發生什麼變化呢？當武松在景陽崗遇上了老虎，他會有怎樣的結果呢？當魯賓遜漂流到荒島上，他一個人要怎麼生活呢？隨著書中情節的變化，我們的心情也跟著起伏不定。
古人說：「開卷有益」，就是鼓勵大家要多看書。你想知道海底探險的滋味嗎？你想認識非洲的動物嗎？只要走一趟圖書館，找出相關的書來讀，你的尋寶之旅，一定會滿載而歸的。",文中提到哪些人名?,,,,,"李時珍,武松,魯賓遜",1055-1,,,
,文中提到哪些動物?,,,,,"蛇,青蛙,老虎",1055-2,,,
"動物小學在公園裡舉行戶外教學，小動物們看到一個像玻璃櫃子一樣的機器，裡面擺著一個個鋁罐頭，和一盒盒鋁箔包，邊上有個狹長的小孔，還有幾個按鈕。大家好奇的圍觀著，指指點點，七嘴八舌。頑皮的小猴子，試著用手按一下按鈕，等了一會兒，機器沒有什麼回應。
可愛的小白兔忍不住問：「這究竟是什麼東西？擺那麼多罐頭和鋁箔包做什麼？」
這時候，一位高班的同學走過來說：「這是自動販賣機，賣的都是飲料。」一面說著，一面拿出兩個硬幣往那狹長的小孔投進去，再按一下按鈕，立刻就有一個罐頭，咚咚咚的滾了出來。
「哦！原來是這樣啊！」大家明白了。
小袋鼠最好奇，也想試試看，就從袋子裡拿出一個硬幣來，學著把硬幣投進小孔，隨意按下一個按鈕，果然，咚咚咚的滾出一盒鋁箔包來。小袋鼠拿起來一看，原來是綠茶。
胖小熊高興的拍手說：「這下可好了，以後出來玩，就不要帶水壺，只要帶些銅板來買飲料就好了。」
山羊老師聽見了，走過來和藹的說：「自動販賣機固然方便，不過還是自己帶水壺的好。喝開水既衛生，又有益健康；糖分高的飲料，喝了會發胖，對身體不好。」",文中提到哪些動物?,,,,,"兔,袋鼠,山羊,熊",1056-1,,,
"西遊記是我國著名的小說，寫唐三藏取經的故事。書中的孫悟空，是唐三藏的徒弟。他既聰明，又能幹，變化多端，能變成各種東西，是一個很討人喜歡的角色。
有一次，他們經過火焰山，當時已經是秋天，但附近仍然像炎夏一樣，酷熱無比。孫悟空打聽了之後，才知道這地方，四季都熱，因此，附近的人家收成不好，生活非常痛苦。他又聽說，這在芭蕉洞的鐵扇公主，有一把芭蕉扇，能夠搧熄火焰山的烈火。於是他就到芭蕉洞去，向鐵扇公主借扇子。公主不但不答應，反而把他搧到很遠的地方。
孫悟空並不死心，為了得到扇子，就變成一個小蟲子，飛進鐵扇公主喝的茶沫裡。等到公主喝了茶之後，孫悟空在她肚子裡又叫又跳，鬧得她面黃唇白，在地上打滾，疼痛不堪，只好哀求孫悟空饒命，答應把芭蕉扇借給他。
孫悟空拿了芭蕉扇，到了火焰山前面，用力一搧。那山上的烈火，不但不熄滅，反而烘烘騰起，越搧越大。這時候，他才知道這把扇子是假的，原來被鐵扇公主騙了。
孫悟空於是又變成了鐵扇公主的丈夫牛魔王的樣子，到芭蕉洞裡，和公主喝酒談天。等公主喝到半醉的時候，他說：「夫人，那把真扇子要仔細收藏起來，孫悟空變化多端，可不要讓他騙去。」公主從口中吐出一個杏葉兒大小的扇子，遞給孫悟空說：「這不就是寶貝嗎？」孫悟空一拿到真扇子，馬上恢復原形跑了。鐵扇公主知道受騙，不由得又羞又怒。
牛魔王回來，知道了這件事。非常生氣，馬上變成了孫悟空師弟豬八戒的樣子。又從孫悟空手中，把芭蕉扇騙了回去。
最後，孫悟空把豬八戒找來，合力打敗了牛魔王，才從鐵扇公主手中，拿到真的芭蕉扇。孫悟空就用它搧熄了火焰山的烈火，使原來有火的地方下雨，無火的地方天晴，附近的人家又可以過愉快的日子。當他們離開火焰山的時候。那裡的人沒有不感激他們的。",文中提到哪些唐三藏的徒弟?,,,,,"孫悟空,豬八戒",1057-1,,,
"一百多年前，英國有一個女孩，名叫南丁格爾。她的家庭很好，也讀了許多書。她十七歲的那年，和家人到歐洲、非洲等地方去旅行，看到許多貧苦患病的人，心裏很難過，就立志要做護士，為病人服務，可是她的母親不允許。後來她的母親因事到德國去，她才跟朋友一起去學習護理。
不久，歐洲發生了戰爭。俄國出兵打土耳其，英國派兵幫助土耳其。戰事非常激烈，遍地都是死傷的士兵，沒人照料，十分可連。南丁格爾知道了，就向英王請求到戰場去，為受傷的戰士服務。
英王很讚賞她的慈愛精神，答應了她的要求。她就率領三十八個護士，組織一個服務隊，到前線去為受傷的戰士服務。她到了前方，看見鄉村裏的屋簷下和道路旁，躺著許多受傷的戰士，痛苦呻吟，實在悲慘。南丁格爾就為他們架起帳棚，把他們安置在帳棚裏，替他們包紮治療。每天從早晨忙到深夜，一刻也不休息。
她除了為戰士們治療創傷以外，還為他們洗衣、燒飯、寫信、講故事，來減輕他們的煩惱，增加他們的快樂。她穿著白衣，時常在深夜冒著風雪，到病房去巡視，所以大家都非常尊敬她，稱她為「白衣天使」。
她這樣為受傷的戰士辛苦工作，感動了全體官兵，提高的士氣，不久，就把俄國打敗了。",文中提到哪些國家? ,,,,,"英國,土耳其,德國,俄國",1058-1,,,
,文中提到哪些歐洲? ,,,,,"歐洲,非洲",1058-2,,,
"宋朝大文學家蘇東坡在杭州做太守的時候，有一個人跑到衙門來告狀。說有一個姓朱的，欠他很多錢不還，請求太守幫他討帳。
蘇東坡叫衙役把欠債的人傳來，問他為什麼不還債。
欠債的人說，他原來是個賣扇子的，不幸今年春天父親去世，把借來的錢都花光了。又因為今年夏季時常下雨，天氣涼爽，扇子賣不出去，所以一時沒有錢還債。
蘇東坡聽了，很同情他。想了想，就說：「你回去把扇子拿來，我替你想個辦法。」
那個人馬上跑回家去，拿了許多扇子來。
蘇東坡就在扇面上寫些詩詞，畫些蘭竹。然後叫他拿到市上去賣，用賣扇子的錢還債。
那個人拿了扇子去賣。大家聽說扇子上面有蘇東坡的字畫，都爭著來買。一會兒就把那些扇子賣光了。他拿賣扇子的錢還清了債，心裏對這位仁慈的太守，真是萬分感激。",文中提到哪些季節?,,,,,"春,夏",1059-1,,,
"鄭成功是收復臺灣的民族英雄。他是福建省南安縣人。明朝末年，滿清軍隊攻破南京，鄭成功不肯投降，就帶著官兵，攻占廈門做根據地。
鄭成功在廈門操練海軍，然後帶領大軍進攻南京，但是沒有攻下，只好退回廈門。他為了再找一個更好的基地，就決定帶領大軍到臺灣來。
當時占據臺灣的荷蘭軍隊，常常欺壓臺灣同胞，所以同胞們聽到鄭成功要來的消息，都非常高興，立刻起來接應。他們引導鄭成功的軍隊，在臺南的鹿耳門登陸，合力把荷蘭軍隊趕走了。
鄭成功到了臺灣以後，就開闢農田，創辦學校。他改善了人民的生活，也提高了人民的知識水準。
鄭成功收復臺灣的偉大功業，不向滿清屈服的堅強精神，是我們永遠忘不了的。",文中提到哪些國家或朝代? ,,,,,"明朝,滿清,荷蘭",1060-1,,,
"飛衞是古代著名的神箭手，有一個叫紀昌的人，要跟他學射箭。飛衞說：「你應該先練習基本工夫。看一樣東西，要練到目不轉睛。」
紀昌回到家裏，看見妻子正在織布，他就坐在織布機旁邊，集中目力，瞪著那來往不停地梭子。這樣不間斷的練習了兩年，紀昌自信除了他注意的目標以外，什麼東西也不能使他的眼睛動一動。
紀昌把這個成績告訴了飛衞。飛衞說：「還不行，你還要鍛鍊眼力。你要把眇小的東西看得很大，看得很清楚。到了這種程度，再來告訴我。」
過了三年，紀昌又來告訴飛衞，說他看蝨子就像車輪一樣大，其他的東西，看起來也像小山丘一般。飛衞很高興，就帶領他到室外去，叫他射房子旁邊那棵樹上的一隻小麻雀。
紀昌把箭搭在弓弦上，瞄準的時候，飛衞問他：「你看見麻雀了嗎？」紀昌說：「看見了。」
飛衞又問：「你看見樹和房子了嗎？」紀昌說：「看見了。」
飛衞這時候說：「現在你不用射了，等一會兒再說吧！」
過了一會兒，飛衞再叫他瞄準。他準備好了，飛衞問他是不是看見麻雀、樹和房子。他說這回看不見房子。飛衞又叫他放下箭來，仍然不讓他射。
又過了一會兒，飛衞再叫紀昌瞄準，問他有没有看見麻雀、樹和房子。他說這次只看見麻雀，樹和房子都不見了。飛衞這時候才說：「好，現在可以射了。」他一鬆手，颼的一聲，一箭就射中了那隻小麻雀。
他問飛衞，為什麼在看見樹和房子的時候，就不能射。飛衞說：「你那時候不專心，箭射出去，是不容易射中目標的。我叫你練習看一樣東西，要練到目不轉睛，就是這個意思。」
從此以後，紀昌學習更專心，更努力。過了幾年，他就成了遠近知名的神箭手，不論空中的飛雁，地上的野兔，只要他舉弓一射，没有射不中的。",文中提到哪些人名?,,,,,"紀昌,飛衞",1061-1,,,
"小華有一本兒童畫報，在學校裏遺失了。他心裏很著急，就去請教老師：「老師，我的兒童畫報丟了，用什麼方法可以找回來呢？」
老師說：「你去寫一張尋找失物的啟事，貼在布告牌上。拾到畫報的人看見啟事，就會送還給你。」
小華聽了老師的話，就寫了一張啟事，貼在布告牌上。上面寫著：
尋找失物
今天早上，我丟了一本兒童畫報。如果有人拾到了，請送到四年級仁班教室還給我。我願意酬謝他一枝鉛筆。
張小華　敬啟　十一月十日
當天下午，宋愛蓮拿著那本兒童畫報來送還給他，並且說：「我在運動場上拾了這本書，本來想交給老師。剛才看見你的啟事，知道是你丟的，所以就給你送來了。」
小華非常感謝她，就拿出一枝鉛筆來送給她。宋愛蓮不肯接受，笑著說：「拾了你的東西，應該還給你，怎麼能夠接受報酬呢？」",文中提到哪些人名?,,,,,"小華,宋愛蓮",1062-1,,,
"你知道電話是誰發明的嗎？他就是美國發明家貝爾。貝爾的耳朵很靈敏，能聽到很微弱的聲音。他的父親，是教聾啞說話的專家。貝爾從小受到父親的影響，也喜歡研究人類說話的聲音，成為父親的好助手。
貝爾出生在英國，二十四歲才來到美國。那時候，電報已經通行了三十多年。有一天，貝爾對朋友華生說：「電報利用一根電線，就能讓電流通到很遠的地方去。如果我們把聲音變成電流，也一樣可以傳到很遠的地方去。華生，你研究的是電，我研究的是聲音。如果我們合作，造出一種傳話的機器，對大家不是很有用嗎？」
從此以後，他們就每天晚上在一起實驗。起初他們心中充滿希望，後來因為一再的遭遇失敗，所以就有點兒灰心。他們的長輩和朋友知道了，認為這個研究很有價值，都鼓勵他們繼續努力，不要放棄。
他們辛苦的研究了六年，仍然沒有成功。一天晚上，華生疲倦極了，就在自己的小房間裡打瞌睡。貝爾在另外一個房間裡，剛用一個新方法接通了電路，卻不小心打翻了桌上的儀器，急得大聲喊：「華生，快過來幫忙！」
華生剛想要睡覺，忽然聽到桌子上的受話器，傳來貝爾的聲音，先是吃了一驚，接著就高興得跳了起來，大聲歡呼：「電話靈了，我們成功了！」
那一天，正是西元一八七六年的三月十日，也就是人類第一架電話機製造成功的日子。",文中提到哪些國家? ,,,,,"英國,美國",1063-1,,,
,文中提到哪些人名?,,,,,"貝爾,華生",1064-1,,,
"九月的一天，動物小學開學了，小馬、小牛、小鷹、小啄木鳥，還有很多很多小動物，全都由爸爸、媽媽、陪著到學校來了，他們是來學本事的。
小馬說：「我要學拉車，將來幫爸爸、媽媽做事，他們就不會太辛苦了。」
小牛說：「我要學耕田，將來幫助主人種出最好吃的稻米來。」
小鷹說：「我要學飛翔，要飛得快、飛得高，將來成為最神氣的大老鷹。」
小啄木鳥說：「我要學給有蟲的樹治病，讓每一棵樹都能健健康康的長大。」
過了一段日子，他們都跟老師學會了自己想學的本事。小馬拉起車來又快又平穩，小牛耕起田來又直又深，小鷹飛上天去，衝下來的時候，快得跟閃電一樣，小啄木鳥每天都「叩叩叩」的給樹看病，被大家稱為「小神醫」呢。校長說：「明天你們就要離開學校了，把你們的學習心得說給大家聽聽吧！」
小馬和小牛都說：「要不怕流汗，能吃苦耐勞。」
小鷹說：「要努力不斷的練習，有勇氣，有膽量。」
小啄木鳥說：「要能細心觀察，有耐心和愛心。」
校長聽了，滿意的說：「唔，很好，你們不但學會了本事，而且比以前更懂事了。」",文中提到哪些小動物?,,,,,"小馬,小牛,小鷹,小啄木鳥",1065-1,,,
"今天是大中的生日，我帶了一本昨天買的漂亮筆記本，打算送給他做生日禮物。
第一節下課的時候，我正想把禮物送給大中，跟大中同一天生日的大雄，手裡拿著一本漂亮的筆記本說：「大家來看，這是我爸爸送給我的生日禮物！」
同學們都圍過去看。我一看他手裡拿的筆記本，原來正跟我要送給大中的一模一樣。想不到兩個同一天生日的人，連得到的禮物也會相同，真巧！
擠在人群中的大中，很好奇的伸手去拿大雄的筆記本，嘴裡說：「好漂亮！我看看。」沒想到大雄把手往裡一縮，兩個人一拉扯，就把筆記本扯成兩半了。
大雄臉色很難看的說：「你弄壞我的生日禮物啦！」
大中滿臉通紅的說：「對不起啦，對不起啦。」
大雄很生氣的說：「說對不起就算啦？賠！」
我趕緊把大中拉到一邊，拿出我買的筆記本說：「這是你的生日禮物，快拿去賠他！」
大中簡直不敢相信自己會有這麼好的運氣。他謝了又謝，轉身擠進人群，把筆記本交給大雄說：「賠你。」
大雄吃了一驚，細細的看了看筆記本，就收了下來。他氣也消了，不好意思的拿出扯壞了的筆記本，說：「這本破的給你。」
放學的時候，我跟大中說：「明天我再送你一本新的。」
大中說：「不用了，謝謝。你真是我的好朋友。這本破的比新的更可貴！」",文中提到哪些人名?,,,,,"大中,大雄
",1066-1,,,
"○月○日　星期○　天氣晴
今天真是快樂的一天，我學會了使用電腦。
上星期，坐我旁邊的小美很得意的給我看一張紙，上面的文字和圖畫都是她自己用電腦打的，又清楚又美觀，好棒啊！回家以後，一有空，我就要哥哥教我使用電腦的方法。哥哥說教我可以，但是我得有耐心，天天練習，不然，很快就會忘記，那他的苦心不就白費了嗎？我的回答當然是「沒問題」！
皇天不負苦心人，一星期下來，我從開始時的手忙腳亂，到今天能夠不慌不忙、正確的打出文字，畫出圖形，並且把它印出來，我真的會使用電腦啦！更妙的是，我發現了電腦遊戲迷人的地方，難怪哥哥一坐到電腦前面，常常會忘記吃飯的時間。有的時候，連爸爸媽媽也和我們一起玩呢！
電腦好神奇啊！字寫錯了，不用橡皮擦。句子要搬到不同的段落去，按幾個鍵就行。圖畫得不好，重新來過很簡單。畫圖要用什麼顏色，可以說應有盡有。還有好多好多的功能，說也說不完。
聽爸爸說，電腦還可以用來和遠方的朋友通訊，也可以用來找尋圖書館的資料。哇！太好了！希望將來有一天，我也能夠和許許多多的朋友在電腦上談天說地，交換心得，增廣自己的見聞。",文中提到電腦有哪些功能?,,,,,"遊戲,通訊,圖畫,寫字,搬句子",1067-1,,,
